2026-05-29 13:27:51,224 [INFO] [MainThread] [root/log.py:104]: YASB v2.0.2
2026-05-29 13:27:51,224 [INFO] [CLIPipeServer] [cli_server/cli_server.py:216]: CLI server started v1.1.7
2026-05-29 13:27:51,224 [INFO] [MainThread] [cli_server/cli_server.py:106]: Log pipe server started
2026-05-29 13:28:10,107 [INFO] [MainThread] [root/welcome.py:867]: Created config file at C:\Users\lyncon.baez\.config\yasb\config.yaml
2026-05-29 13:28:10,108 [INFO] [MainThread] [root/welcome.py:876]: Created styles file at C:\Users\lyncon.baez\.config\yasb\styles.css
2026-05-29 13:28:10,316 [INFO] [MainThread] [root/service.py:52]: AudioOutputService starting...
2026-05-29 13:28:10,365 [INFO] [SystrayHook] [systray_hook/systray_hook.py:193]: Injecting into Explorer (PID: 11384)
2026-05-29 13:28:10,559 [INFO] [MainThread] [root/bar_manager.py:102]: Starting WindowsNotificationEventListener...
2026-05-29 13:28:10,560 [INFO] [MainThread] [root/watcher.py:65]: Watching directory: c:\users\lyncon.baez\.config\yasb
2026-05-29 13:28:10,560 [INFO] [MainThread] [root/watcher.py:104]: Created file watcher
Windows fatal exception: access violation

Thread 0x00001100 [asyncio_0] (most recent call first):
  File "C:\hostedtoolcache\windows\Python\3.14.4\x64\Lib\threading.py", line 373 in wait
  File "C:\hostedtoolcache\windows\Python\3.14.4\x64\Lib\threading.py", line 670 in wait
  File "C:\hostedtoolcache\windows\Python\3.14.4\x64\Lib\concurrent\futures\thread.py", line 73 in run
  File "C:\hostedtoolcache\windows\Python\3.14.4\x64\Lib\concurrent\futures\thread.py", line 86 in run
  File "C:\hostedtoolcache\windows\Python\3.14.4\x64\Lib\concurrent\futures\thread.py", line 119 in _worker
  File "C:\hostedtoolcache\windows\Python\3.14.4\x64\Lib\threading.py", line 1024 in run
  File "C:\hostedtoolcache\windows\Python\3.14.4\x64\Lib\threading.py", line 1082 in _bootstrap_inner
  File "C:\hostedtoolcache\windows\Python\3.14.4\x64\Lib\threading.py", line 1044 in _bootstrap

Thread 0x00008c80 [WindowsNotificationEventListener] (most recent call first):
  File "C:\hostedtoolcache\windows\Python\3.14.4\x64\Lib\asyncio\windows_events.py", line 775 in _poll
  File "C:\hostedtoolcache\windows\Python\3.14.4\x64\Lib\asyncio\windows_events.py", line 446 in select
  File "C:\hostedtoolcache\windows\Python\3.14.4\x64\Lib\asyncio\base_events.py", line 2019 in _run_once
  File "C:\hostedtoolcache\windows\Python\3.14.4\x64\Lib\asyncio\base_events.py", line 677 in run_forever
  File "C:\hostedtoolcache\windows\Python\3.14.4\x64\Lib\asyncio\base_events.py", line 706 in run_until_complete
  File "D:\a\yasb\yasb\src\core\widgets\services\notifications\windows_notification.py", line 101 in run

Thread 0x0000811c [Thread-5] (most recent call first):
  File "C:\hostedtoolcache\windows\Python\3.14.4\x64\Lib\threading.py", line 369 in wait
  File "C:\hostedtoolcache\windows\Python\3.14.4\x64\Lib\queue.py", line 199 in get
  File "D:\a\yasb\yasb\venv\Lib\site-packages\watchdog\observers\api.py", line 379 in dispatch_events
  File "D:\a\yasb\yasb\venv\Lib\site-packages\watchdog\observers\api.py", line 213 in run
  File "C:\hostedtoolcache\windows\Python\3.14.4\x64\Lib\threading.py", line 1082 in _bootstrap_inner
  File "C:\hostedtoolcache\windows\Python\3.14.4\x64\Lib\threading.py", line 1044 in _bootstrap

Thread 0x00005e5c [Thread-6] (most recent call first):
  File "D:\a\yasb\yasb\venv\Lib\site-packages\watchdog\observers\winapi.py", line 326 in read_directory_changes
  File "D:\a\yasb\yasb\venv\Lib\site-packages\watchdog\observers\winapi.py", line 380 in read_events
  File "D:\a\yasb\yasb\venv\Lib\site-packages\watchdog\observers\read_directory_changes.py", line 67 in _read_events
  File "D:\a\yasb\yasb\venv\Lib\site-packages\watchdog\observers\read_directory_changes.py", line 70 in queue_events
  File "D:\a\yasb\yasb\venv\Lib\site-packages\watchdog\observers\api.py", line 158 in run
  File "C:\hostedtoolcache\windows\Python\3.14.4\x64\Lib\threading.py", line 1082 in _bootstrap_inner
  File "C:\hostedtoolcache\windows\Python\3.14.4\x64\Lib\threading.py", line 1044 in _bootstrap

Thread 0x00007028 [MemoryWorker] (most recent call first):
  File "D:\a\yasb\yasb\src\core\widgets\services\memory\memory_api.py", line 244 in run

Thread 0x0000c2e4 [CpuWorker] (most recent call first):
  File "D:\a\yasb\yasb\src\core\widgets\services\cpu\cpu_api.py", line 318 in run

Current thread 0x000098c8 [SystrayHook] (most recent call first):
  File "D:\a\yasb\yasb\src\core\widgets\services\systray\utils.py", line 229 in validate_icon_data
  File "D:\a\yasb\yasb\src\core\widgets\services\systray\systray_hook.py", line 319 in process_message
  File "D:\a\yasb\yasb\src\core\widgets\services\systray\systray_hook.py", line 270 in run
  File "D:\a\yasb\yasb\src\core\widgets\yasb\systray.py", line 79 in run

Thread 0x00001afc [_EventWorker] (most recent call first):
  File "D:\a\yasb\yasb\venv\Lib\site-packages\qasync\_windows.py", line 147 in _poll
  File "D:\a\yasb\yasb\venv\Lib\site-packages\qasync\_windows.py", line 72 in select
  File "D:\a\yasb\yasb\venv\Lib\site-packages\qasync\_windows.py", line 199 in run

Thread 0x00004450 [LogPipeServer] (most recent call first):
  File "D:\a\yasb\yasb\src\core\utils\win32\bindings\kernel32.py", line 288 in ConnectNamedPipe
  File "D:\a\yasb\yasb\src\core\utils\cli_server.py", line 138 in _run_server
  File "C:\hostedtoolcache\windows\Python\3.14.4\x64\Lib\threading.py", line 1024 in run
  File "C:\hostedtoolcache\windows\Python\3.14.4\x64\Lib\threading.py", line 1082 in _bootstrap_inner
  File "C:\hostedtoolcache\windows\Python\3.14.4\x64\Lib\threading.py", line 1044 in _bootstrap

Thread 0x0000a0f4 [CLIPipeServer] (most recent call first):
  File "D:\a\yasb\yasb\src\core\utils\win32\bindings\kernel32.py", line 288 in ConnectNamedPipe
  File "D:\a\yasb\yasb\src\core\utils\cli_server.py", line 235 in _run_server
  File "C:\hostedtoolcache\windows\Python\3.14.4\x64\Lib\threading.py", line 1024 in run
  File "C:\hostedtoolcache\windows\Python\3.14.4\x64\Lib\threading.py", line 1082 in _bootstrap_inner
  File "C:\hostedtoolcache\windows\Python\3.14.4\x64\Lib\threading.py", line 1044 in _bootstrap

Thread 0x0000723c (most recent call first):
  File "D:\a\yasb\yasb\venv\Lib\site-packages\qasync\__init__.py", line 404 in run_forever
  File "D:\a\yasb\yasb\venv\Lib\site-packages\qasync\__init__.py", line 428 in run_until_complete
  File "main.py", line 98 in main
  File "main.py", line 188 in <module>
  File "D:\a\yasb\yasb\venv\Lib\site-packages\freeze_core\initscripts\console.py", line 27 in run
  File "D:\a\yasb\yasb\venv\Lib\site-packages\freeze_core\initscripts\__startup__.py", line 137 in run

Current thread's C stack trace (most recent call first):
  <cannot get C stack on this system>
2026-05-29 14:15:15,483 [INFO] [MainThread] [root/log.py:104]: YASB v2.0.2
2026-05-29 14:15:15,483 [INFO] [CLIPipeServer] [cli_server/cli_server.py:216]: CLI server started v1.1.7
2026-05-29 14:15:15,484 [INFO] [MainThread] [cli_server/cli_server.py:106]: Log pipe server started
2026-05-29 14:15:15,804 [INFO] [MainThread] [root/service.py:52]: AudioOutputService starting...
2026-05-29 14:15:15,855 [INFO] [SystrayHook] [systray_hook/systray_hook.py:193]: Injecting into Explorer (PID: 11384)
2026-05-29 14:15:16,062 [INFO] [MainThread] [root/bar_manager.py:102]: Starting WindowsNotificationEventListener...
2026-05-29 14:15:16,063 [INFO] [MainThread] [root/watcher.py:65]: Watching directory: c:\users\lyncon.baez\.config\yasb
2026-05-29 14:15:16,063 [INFO] [MainThread] [root/watcher.py:104]: Created file watcher
2026-05-29 16:24:20,747 [INFO] [MainThread] [root/bar_manager.py:118]: Stopping WindowsNotificationEventListener...
2026-06-02 07:03:45,669 [INFO] [MainThread] [root/log.py:104]: YASB v2.0.2
2026-06-02 07:03:45,671 [INFO] [CLIPipeServer] [cli_server/cli_server.py:216]: CLI server started v1.1.7
2026-06-02 07:03:45,671 [INFO] [MainThread] [cli_server/cli_server.py:106]: Log pipe server started
2026-06-02 07:03:46,803 [INFO] [SystrayHook] [systray_hook/systray_hook.py:193]: Injecting into Explorer (PID: 12712)
2026-06-02 07:03:46,839 [INFO] [MainThread] [root/service.py:52]: AudioOutputService starting...
2026-06-02 07:03:46,959 [INFO] [MainThread] [root/bar_manager.py:102]: Starting WindowsNotificationEventListener...
2026-06-02 07:03:46,960 [INFO] [MainThread] [root/watcher.py:65]: Watching directory: c:\users\lyncon.baez\.config\yasb
2026-06-02 07:03:46,960 [INFO] [MainThread] [root/watcher.py:104]: Created file watcher
2026-06-02 07:03:55,193 [WARNING] [MainThread] [glazewm_client/client.py:134]: WebSocket error: SocketError.ConnectionRefusedError. Reconnecting...
2026-06-02 07:05:36,035 [INFO] [MainThread] [root/controller.py:43]: Exiting Application from tray...
2026-06-02 07:05:36,137 [INFO] [MainThread] [cli_server/cli_server.py:114]: Log pipe server stopped
2026-06-02 07:05:36,172 [INFO] [MainThread] [root/bar_manager.py:118]: Stopping WindowsNotificationEventListener...
2026-06-02 07:08:01,564 [INFO] [MainThread] [root/log.py:104]: YASB v2.0.2
2026-06-02 07:08:01,565 [INFO] [CLIPipeServer] [cli_server/cli_server.py:216]: CLI server started v1.1.7
2026-06-02 07:08:01,566 [INFO] [MainThread] [cli_server/cli_server.py:106]: Log pipe server started
2026-06-02 07:08:02,741 [INFO] [SystrayHook] [systray_hook/systray_hook.py:193]: Injecting into Explorer (PID: 2176)
2026-06-02 07:08:02,780 [INFO] [MainThread] [root/service.py:52]: AudioOutputService starting...
2026-06-02 07:08:02,904 [INFO] [MainThread] [root/bar_manager.py:102]: Starting WindowsNotificationEventListener...
2026-06-02 07:08:02,905 [INFO] [MainThread] [root/watcher.py:65]: Watching directory: c:\users\lyncon.baez\.config\yasb
2026-06-02 07:08:02,905 [INFO] [MainThread] [root/watcher.py:104]: Created file watcher
2026-06-02 07:08:11,164 [WARNING] [MainThread] [glazewm_client/client.py:134]: WebSocket error: SocketError.ConnectionRefusedError. Reconnecting...
2026-06-02 07:16:49,069 [INFO] [MainThread] [root/controller.py:43]: Exiting Application from tray...
2026-06-02 07:16:49,169 [INFO] [MainThread] [cli_server/cli_server.py:114]: Log pipe server stopped
2026-06-02 07:16:49,197 [INFO] [MainThread] [root/bar_manager.py:118]: Stopping WindowsNotificationEventListener...
2026-06-02 07:19:12,928 [INFO] [MainThread] [root/log.py:104]: YASB v2.0.2
2026-06-02 07:19:12,929 [INFO] [CLIPipeServer] [cli_server/cli_server.py:216]: CLI server started v1.1.7
2026-06-02 07:19:12,929 [INFO] [MainThread] [cli_server/cli_server.py:106]: Log pipe server started
2026-06-02 07:19:14,185 [INFO] [SystrayHook] [systray_hook/systray_hook.py:193]: Injecting into Explorer (PID: 7388)
2026-06-02 07:19:14,228 [INFO] [MainThread] [root/service.py:52]: AudioOutputService starting...
2026-06-02 07:19:14,359 [INFO] [MainThread] [root/bar_manager.py:102]: Starting WindowsNotificationEventListener...
2026-06-02 07:19:14,361 [INFO] [MainThread] [root/watcher.py:65]: Watching directory: c:\users\lyncon.baez\.config\yasb
2026-06-02 07:19:14,361 [INFO] [MainThread] [root/watcher.py:104]: Created file watcher
2026-06-02 07:19:22,652 [WARNING] [MainThread] [glazewm_client/client.py:134]: WebSocket error: SocketError.ConnectionRefusedError. Reconnecting...
2026-06-02 07:20:32,509 [INFO] [MainThread] [root/bar_manager.py:118]: Stopping WindowsNotificationEventListener...
2026-06-02 07:21:47,003 [INFO] [MainThread] [root/log.py:104]: YASB v2.0.2
2026-06-02 07:21:47,004 [INFO] [CLIPipeServer] [cli_server/cli_server.py:216]: CLI server started v1.1.7
2026-06-02 07:21:47,005 [INFO] [MainThread] [cli_server/cli_server.py:106]: Log pipe server started
2026-06-02 07:21:48,200 [INFO] [SystrayHook] [systray_hook/systray_hook.py:193]: Injecting into Explorer (PID: 12272)
2026-06-02 07:21:48,234 [INFO] [MainThread] [root/service.py:52]: AudioOutputService starting...
2026-06-02 07:21:48,367 [INFO] [MainThread] [root/bar_manager.py:102]: Starting WindowsNotificationEventListener...
2026-06-02 07:21:48,369 [INFO] [MainThread] [root/watcher.py:65]: Watching directory: c:\users\lyncon.baez\.config\yasb
2026-06-02 07:21:48,369 [INFO] [MainThread] [root/watcher.py:104]: Created file watcher
2026-06-02 07:21:56,625 [WARNING] [MainThread] [glazewm_client/client.py:134]: WebSocket error: SocketError.ConnectionRefusedError. Reconnecting...
2026-06-02 07:53:42,109 [ERROR] [SystrayHook] [root/app_icons.py:282]: GetIconInfo failed: 0
2026-06-02 07:54:46,473 [INFO] [MainThread] [root/bar.py:153]: Screen geometry changed. Updating position for bar primary-bar on screen DELL S3422DWG
2026-06-02 08:02:36,446 [ERROR] [SystrayHook] [root/app_icons.py:282]: GetIconInfo failed: 0
2026-06-02 08:12:52,125 [INFO] [MainThread] [root/bar.py:153]: Screen geometry changed. Updating position for bar primary-bar on screen DELL S3422DWG
2026-06-02 11:50:50,195 [INFO] [MainThread] [root/bar.py:153]: Screen geometry changed. Updating position for bar primary-bar on screen DELL S3422DWG
2026-06-02 11:50:51,945 [INFO] [MainThread] [root/bar.py:153]: Screen geometry changed. Updating position for bar primary-bar on screen DELL S3422DWG
2026-06-02 11:51:07,041 [ERROR] [SystrayHook] [root/app_icons.py:282]: GetIconInfo failed: 0
2026-06-02 11:51:36,948 [INFO] [MainThread] [root/bar.py:153]: Screen geometry changed. Updating position for bar primary-bar on screen DELL S3422DWG
2026-06-02 11:51:37,697 [INFO] [MainThread] [root/bar.py:153]: Screen geometry changed. Updating position for bar primary-bar on screen DELL S3422DWG
2026-06-02 11:53:20,878 [INFO] [MainThread] [root/bar.py:153]: Screen geometry changed. Updating position for bar primary-bar on screen DELL S3422DWG
2026-06-02 11:54:07,186 [INFO] [MainThread] [root/bar.py:153]: Screen geometry changed. Updating position for bar primary-bar on screen DELL S3422DWG
2026-06-02 11:54:07,910 [INFO] [MainThread] [root/bar.py:153]: Screen geometry changed. Updating position for bar primary-bar on screen DELL S3422DWG
2026-06-02 11:54:08,602 [INFO] [MainThread] [root/bar.py:153]: Screen geometry changed. Updating position for bar primary-bar on screen DELL S3422DWG
2026-06-02 11:54:10,458 [INFO] [MainThread] [root/bar.py:153]: Screen geometry changed. Updating position for bar primary-bar on screen DELL S3422DWG
2026-06-02 11:54:30,897 [INFO] [MainThread] [root/bar.py:153]: Screen geometry changed. Updating position for bar primary-bar on screen DELL S3422DWG
2026-06-02 11:54:31,657 [INFO] [MainThread] [root/bar.py:153]: Screen geometry changed. Updating position for bar primary-bar on screen DELL S3422DWG
2026-06-02 11:54:32,226 [INFO] [MainThread] [root/bar.py:153]: Screen geometry changed. Updating position for bar primary-bar on screen DELL S3422DWG
2026-06-02 11:54:32,704 [INFO] [MainThread] [root/bar.py:153]: Screen geometry changed. Updating position for bar primary-bar on screen DELL S3422DWG
2026-06-02 11:54:55,835 [INFO] [MainThread] [root/bar.py:153]: Screen geometry changed. Updating position for bar primary-bar on screen DELL S3422DWG
2026-06-02 11:54:56,563 [INFO] [MainThread] [root/bar.py:153]: Screen geometry changed. Updating position for bar primary-bar on screen DELL S3422DWG
2026-06-02 11:54:57,964 [INFO] [MainThread] [root/bar.py:153]: Screen geometry changed. Updating position for bar primary-bar on screen DELL S3422DWG
2026-06-02 11:54:58,534 [INFO] [MainThread] [root/bar.py:153]: Screen geometry changed. Updating position for bar primary-bar on screen DELL S3422DWG
2026-06-02 11:54:59,625 [INFO] [MainThread] [root/bar.py:153]: Screen geometry changed. Updating position for bar primary-bar on screen DELL S3422DWG
2026-06-02 11:55:00,216 [INFO] [MainThread] [root/bar.py:153]: Screen geometry changed. Updating position for bar primary-bar on screen DELL S3422DWG
2026-06-02 11:55:03,216 [INFO] [MainThread] [root/bar.py:153]: Screen geometry changed. Updating position for bar primary-bar on screen DELL S3422DWG
2026-06-02 11:55:03,759 [INFO] [MainThread] [root/bar.py:153]: Screen geometry changed. Updating position for bar primary-bar on screen DELL S3422DWG
2026-06-02 11:55:09,691 [WARNING] [MainThread] [glazewm_client/client.py:134]: WebSocket error: SocketError.RemoteHostClosedError. Reconnecting...
2026-06-02 11:55:11,348 [INFO] [MainThread] [root/bar.py:153]: Screen geometry changed. Updating position for bar primary-bar on screen DELL S3422DWG
2026-06-02 11:55:13,757 [INFO] [MainThread] [root/bar.py:153]: Screen geometry changed. Updating position for bar primary-bar on screen DELL S3422DWG
2026-06-02 11:55:15,430 [INFO] [MainThread] [root/bar.py:153]: Screen geometry changed. Updating position for bar primary-bar on screen DELL S3422DWG
2026-06-02 11:55:22,494 [INFO] [MainThread] [root/bar.py:153]: Screen geometry changed. Updating position for bar primary-bar on screen DELL S3422DWG
2026-06-02 11:55:27,712 [INFO] [MainThread] [root/bar.py:153]: Screen geometry changed. Updating position for bar primary-bar on screen DELL S3422DWG
2026-06-02 12:10:06,739 [INFO] [MainThread] [root/bar.py:153]: Screen geometry changed. Updating position for bar primary-bar on screen DELL S3422DWG
2026-06-02 12:10:16,579 [INFO] [MainThread] [root/bar.py:153]: Screen geometry changed. Updating position for bar primary-bar on screen DELL S3422DWG
2026-06-02 12:31:49,244 [INFO] [MainThread] [root/bar.py:153]: Screen geometry changed. Updating position for bar primary-bar on screen DELL S3422DWG
2026-06-02 12:32:08,690 [ERROR] [SystrayHook] [root/app_icons.py:282]: GetIconInfo failed: 0
2026-06-02 12:33:07,888 [INFO] [MainThread] [root/bar.py:153]: Screen geometry changed. Updating position for bar primary-bar on screen DELL S3422DWG
2026-06-03 11:16:03,559 [INFO] [MainThread] [root/bar_manager.py:118]: Stopping WindowsNotificationEventListener...
2026-06-03 11:17:24,424 [INFO] [MainThread] [root/log.py:104]: YASB v2.0.2
2026-06-03 11:17:24,425 [INFO] [CLIPipeServer] [cli_server/cli_server.py:216]: CLI server started v1.1.7
2026-06-03 11:17:24,425 [INFO] [MainThread] [cli_server/cli_server.py:106]: Log pipe server started
2026-06-03 11:17:25,638 [INFO] [SystrayHook] [systray_hook/systray_hook.py:193]: Injecting into Explorer (PID: 12352)
2026-06-03 11:17:25,679 [INFO] [MainThread] [root/service.py:52]: AudioOutputService starting...
2026-06-03 11:17:25,803 [INFO] [MainThread] [root/bar_manager.py:102]: Starting WindowsNotificationEventListener...
2026-06-03 11:17:25,804 [INFO] [MainThread] [root/watcher.py:65]: Watching directory: c:\users\lyncon.baez\.config\yasb
2026-06-03 11:17:25,805 [INFO] [MainThread] [root/watcher.py:104]: Created file watcher
2026-06-03 11:17:28,951 [ERROR] [SystrayHook] [systray_hook/systray_hook.py:94]: Shell_TrayWnd not found
2026-06-03 11:17:28,951 [ERROR] [SystrayHook] [systray_hook/systray_hook.py:196]: Injection failed, retrying in 5s
2026-06-03 11:17:33,976 [INFO] [SystrayHook] [systray_hook/systray_hook.py:193]: Injecting into Explorer (PID: 12352)
2026-06-03 11:20:47,322 [ERROR] [SystrayHook] [root/app_icons.py:282]: GetIconInfo failed: 0
2026-06-03 11:26:30,483 [INFO] [MainThread] [root/bar_manager.py:118]: Stopping WindowsNotificationEventListener...
2026-06-03 11:26:30,543 [WARNING] [MainThread] [glazewm_client/client.py:134]: WebSocket error: SocketError.RemoteHostClosedError. Reconnecting...
2026-06-03 11:27:49,225 [INFO] [MainThread] [root/log.py:104]: YASB v2.0.2
2026-06-03 11:27:49,227 [INFO] [CLIPipeServer] [cli_server/cli_server.py:216]: CLI server started v1.1.7
2026-06-03 11:27:49,227 [INFO] [MainThread] [cli_server/cli_server.py:106]: Log pipe server started
2026-06-03 11:27:50,401 [INFO] [SystrayHook] [systray_hook/systray_hook.py:193]: Injecting into Explorer (PID: 12444)
2026-06-03 11:27:50,439 [INFO] [MainThread] [root/service.py:52]: AudioOutputService starting...
2026-06-03 11:27:50,568 [INFO] [MainThread] [root/bar_manager.py:102]: Starting WindowsNotificationEventListener...
2026-06-03 11:27:50,570 [INFO] [MainThread] [root/watcher.py:65]: Watching directory: c:\users\lyncon.baez\.config\yasb
2026-06-03 11:27:50,570 [INFO] [MainThread] [root/watcher.py:104]: Created file watcher
2026-06-03 17:06:08,201 [INFO] [MainThread] [root/bar_manager.py:118]: Stopping WindowsNotificationEventListener...
2026-06-03 17:06:08,287 [WARNING] [MainThread] [glazewm_client/client.py:134]: WebSocket error: SocketError.RemoteHostClosedError. Reconnecting...
2026-06-05 07:32:59,089 [INFO] [MainThread] [root/log.py:104]: YASB v2.0.2
2026-06-05 07:32:59,091 [INFO] [CLIPipeServer] [cli_server/cli_server.py:216]: CLI server started v1.1.7
2026-06-05 07:32:59,091 [INFO] [MainThread] [cli_server/cli_server.py:106]: Log pipe server started
2026-06-05 07:33:00,309 [INFO] [SystrayHook] [systray_hook/systray_hook.py:193]: Injecting into Explorer (PID: 12332)
2026-06-05 07:33:00,343 [INFO] [MainThread] [root/service.py:52]: AudioOutputService starting...
2026-06-05 07:33:00,456 [INFO] [MainThread] [root/bar_manager.py:102]: Starting WindowsNotificationEventListener...
2026-06-05 07:33:00,458 [INFO] [MainThread] [root/watcher.py:65]: Watching directory: c:\users\lyncon.baez\.config\yasb
2026-06-05 07:33:00,458 [INFO] [MainThread] [root/watcher.py:104]: Created file watcher
2026-06-05 16:34:21,217 [INFO] [MainThread] [root/bar_manager.py:118]: Stopping WindowsNotificationEventListener...
2026-06-08 07:18:17,069 [INFO] [MainThread] [root/log.py:104]: YASB v2.0.2
2026-06-08 07:18:17,071 [INFO] [CLIPipeServer] [cli_server/cli_server.py:216]: CLI server started v1.1.7
2026-06-08 07:18:17,071 [INFO] [MainThread] [cli_server/cli_server.py:106]: Log pipe server started
2026-06-08 07:18:18,491 [INFO] [SystrayHook] [systray_hook/systray_hook.py:193]: Injecting into Explorer (PID: 12344)
2026-06-08 07:18:18,531 [INFO] [MainThread] [root/service.py:52]: AudioOutputService starting...
2026-06-08 07:18:18,658 [INFO] [MainThread] [root/bar_manager.py:102]: Starting WindowsNotificationEventListener...
2026-06-08 07:18:18,660 [INFO] [MainThread] [root/watcher.py:65]: Watching directory: c:\users\lyncon.baez\.config\yasb
2026-06-08 07:18:18,660 [INFO] [MainThread] [root/watcher.py:104]: Created file watcher
2026-06-08 09:00:40,819 [INFO] [MainThread] [root/bar.py:153]: Screen geometry changed. Updating position for bar primary-bar on screen DELL S3422DWG
2026-06-08 09:00:42,406 [INFO] [MainThread] [root/bar.py:153]: Screen geometry changed. Updating position for bar primary-bar on screen DELL S3422DWG
2026-06-08 09:01:04,821 [INFO] [MainThread] [root/bar.py:153]: Screen geometry changed. Updating position for bar primary-bar on screen DELL S3422DWG
2026-06-08 09:09:23,127 [INFO] [MainThread] [root/bar.py:153]: Screen geometry changed. Updating position for bar primary-bar on screen DELL S3422DWG
2026-06-08 11:53:15,339 [ERROR] [SystrayHook] [root/app_icons.py:282]: GetIconInfo failed: 0
2026-06-08 17:01:02,023 [INFO] [MainThread] [root/bar_manager.py:118]: Stopping WindowsNotificationEventListener...
2026-06-09 07:02:07,935 [INFO] [MainThread] [root/log.py:104]: YASB v2.0.2
2026-06-09 07:02:07,936 [INFO] [CLIPipeServer] [cli_server/cli_server.py:216]: CLI server started v1.1.7
2026-06-09 07:02:07,937 [INFO] [MainThread] [cli_server/cli_server.py:106]: Log pipe server started
2026-06-09 07:02:09,140 [INFO] [SystrayHook] [systray_hook/systray_hook.py:193]: Injecting into Explorer (PID: 12612)
2026-06-09 07:02:09,174 [INFO] [MainThread] [root/service.py:52]: AudioOutputService starting...
2026-06-09 07:02:09,291 [INFO] [MainThread] [root/bar_manager.py:102]: Starting WindowsNotificationEventListener...
2026-06-09 07:02:09,292 [INFO] [MainThread] [root/watcher.py:65]: Watching directory: c:\users\lyncon.baez\.config\yasb
2026-06-09 07:02:09,293 [INFO] [MainThread] [root/watcher.py:104]: Created file watcher
2026-06-09 17:07:20,429 [INFO] [MainThread] [root/bar_manager.py:118]: Stopping WindowsNotificationEventListener...
2026-06-11 07:05:07,933 [INFO] [MainThread] [root/log.py:104]: YASB v2.0.2
2026-06-11 07:05:07,934 [INFO] [CLIPipeServer] [cli_server/cli_server.py:216]: CLI server started v1.1.7
2026-06-11 07:05:07,935 [INFO] [MainThread] [cli_server/cli_server.py:106]: Log pipe server started
2026-06-11 07:05:09,076 [INFO] [SystrayHook] [systray_hook/systray_hook.py:193]: Injecting into Explorer (PID: 13372)
2026-06-11 07:05:09,106 [INFO] [MainThread] [root/service.py:52]: AudioOutputService starting...
2026-06-11 07:05:09,214 [INFO] [MainThread] [root/bar_manager.py:102]: Starting WindowsNotificationEventListener...
2026-06-11 07:05:09,215 [INFO] [MainThread] [root/watcher.py:65]: Watching directory: c:\users\lyncon.baez\.config\yasb
2026-06-11 07:05:09,215 [INFO] [MainThread] [root/watcher.py:104]: Created file watcher
2026-06-11 07:05:10,393 [ERROR] [MainThread] [open_meteo/api.py:111]: Open-Meteo response error None: RemoteHostClosedError 2
2026-06-11 07:05:10,393 [WARNING] [MainThread] [root/open_meteo.py:888]: Error processing Open-Meteo data: Weather data is empty.
2026-06-11 07:05:21,020 [ERROR] [MainThread] [open_meteo/api.py:111]: Open-Meteo response error None: RemoteHostClosedError 2
2026-06-11 07:05:21,020 [WARNING] [MainThread] [root/open_meteo.py:888]: Error processing Open-Meteo data: Weather data is empty.
2026-06-11 07:05:31,846 [ERROR] [MainThread] [open_meteo/api.py:111]: Open-Meteo response error None: RemoteHostClosedError 2
2026-06-11 07:05:31,846 [WARNING] [MainThread] [root/open_meteo.py:888]: Error processing Open-Meteo data: Weather data is empty.
2026-06-11 07:05:44,022 [ERROR] [MainThread] [open_meteo/api.py:111]: Open-Meteo response error None: RemoteHostClosedError 2
2026-06-11 07:05:44,022 [WARNING] [MainThread] [root/open_meteo.py:888]: Error processing Open-Meteo data: Weather data is empty.
2026-06-11 07:05:54,679 [ERROR] [MainThread] [open_meteo/api.py:111]: Open-Meteo response error None: RemoteHostClosedError 2
2026-06-11 07:05:54,679 [WARNING] [MainThread] [root/open_meteo.py:888]: Error processing Open-Meteo data: Weather data is empty.
2026-06-11 07:06:05,364 [ERROR] [MainThread] [open_meteo/api.py:111]: Open-Meteo response error None: RemoteHostClosedError 2
2026-06-11 07:06:05,364 [WARNING] [MainThread] [root/open_meteo.py:888]: Error processing Open-Meteo data: Weather data is empty.
2026-06-11 07:06:16,009 [ERROR] [MainThread] [open_meteo/api.py:111]: Open-Meteo response error None: RemoteHostClosedError 2
2026-06-11 07:06:16,009 [WARNING] [MainThread] [root/open_meteo.py:888]: Error processing Open-Meteo data: Weather data is empty.
2026-06-11 07:06:26,705 [ERROR] [MainThread] [open_meteo/api.py:111]: Open-Meteo response error None: RemoteHostClosedError 2
2026-06-11 07:06:26,705 [WARNING] [MainThread] [root/open_meteo.py:888]: Error processing Open-Meteo data: Weather data is empty.
2026-06-11 07:06:37,377 [ERROR] [MainThread] [open_meteo/api.py:111]: Open-Meteo response error None: RemoteHostClosedError 2
2026-06-11 07:06:37,377 [WARNING] [MainThread] [root/open_meteo.py:888]: Error processing Open-Meteo data: Weather data is empty.
2026-06-11 07:06:48,015 [ERROR] [MainThread] [open_meteo/api.py:111]: Open-Meteo response error None: RemoteHostClosedError 2
2026-06-11 07:06:48,016 [WARNING] [MainThread] [root/open_meteo.py:888]: Error processing Open-Meteo data: Weather data is empty.
2026-06-11 07:06:58,727 [ERROR] [MainThread] [open_meteo/api.py:111]: Open-Meteo response error None: RemoteHostClosedError 2
2026-06-11 07:06:58,727 [WARNING] [MainThread] [root/open_meteo.py:888]: Error processing Open-Meteo data: Weather data is empty.
2026-06-11 07:15:10,952 [ERROR] [MainThread] [open_meteo/api.py:111]: Open-Meteo response error 502: UnknownServerError 499
2026-06-11 07:15:10,952 [WARNING] [MainThread] [root/open_meteo.py:888]: Error processing Open-Meteo data: Weather data is empty.
2026-06-11 07:25:10,961 [ERROR] [MainThread] [open_meteo/api.py:111]: Open-Meteo response error 502: UnknownServerError 499
2026-06-11 07:25:10,962 [WARNING] [MainThread] [root/open_meteo.py:888]: Error processing Open-Meteo data: Weather data is empty.
2026-06-11 07:45:10,939 [ERROR] [MainThread] [open_meteo/api.py:111]: Open-Meteo response error 502: UnknownServerError 499
2026-06-11 07:45:10,939 [WARNING] [MainThread] [root/open_meteo.py:888]: Error processing Open-Meteo data: Weather data is empty.
2026-06-11 07:45:21,245 [ERROR] [MainThread] [open_meteo/api.py:111]: Open-Meteo response error 502: UnknownServerError 499
2026-06-11 07:45:21,245 [WARNING] [MainThread] [root/open_meteo.py:888]: Error processing Open-Meteo data: Weather data is empty.
2026-06-11 07:55:10,948 [ERROR] [MainThread] [open_meteo/api.py:111]: Open-Meteo response error 502: UnknownServerError 499
2026-06-11 07:55:10,948 [WARNING] [MainThread] [root/open_meteo.py:888]: Error processing Open-Meteo data: Weather data is empty.
2026-06-11 07:55:21,277 [ERROR] [MainThread] [open_meteo/api.py:111]: Open-Meteo response error 502: UnknownServerError 499
2026-06-11 07:55:21,277 [WARNING] [MainThread] [root/open_meteo.py:888]: Error processing Open-Meteo data: Weather data is empty.
2026-06-11 07:56:48,696 [ERROR] [MainThread] [open_meteo/api.py:111]: Open-Meteo response error 502: UnknownServerError 499
2026-06-11 07:56:48,697 [WARNING] [MainThread] [root/open_meteo.py:888]: Error processing Open-Meteo data: Weather data is empty.
Windows fatal exception: code 0x8001010e

Thread 0x000058b8 [asyncio_0] (most recent call first):
  File "C:\hostedtoolcache\windows\Python\3.14.4\x64\Lib\threading.py", line 373 in wait
  File "C:\hostedtoolcache\windows\Python\3.14.4\x64\Lib\threading.py", line 670 in wait
  File "C:\hostedtoolcache\windows\Python\3.14.4\x64\Lib\concurrent\futures\thread.py", line 73 in run
  File "C:\hostedtoolcache\windows\Python\3.14.4\x64\Lib\concurrent\futures\thread.py", line 86 in run
  File "C:\hostedtoolcache\windows\Python\3.14.4\x64\Lib\concurrent\futures\thread.py", line 119 in _worker
  File "C:\hostedtoolcache\windows\Python\3.14.4\x64\Lib\threading.py", line 1024 in run
  File "C:\hostedtoolcache\windows\Python\3.14.4\x64\Lib\threading.py", line 1082 in _bootstrap_inner
  File "C:\hostedtoolcache\windows\Python\3.14.4\x64\Lib\threading.py", line 1044 in _bootstrap

Thread 0x00005ac0 [Thread-5] (most recent call first):
  File "C:\hostedtoolcache\windows\Python\3.14.4\x64\Lib\threading.py", line 369 in wait
  File "C:\hostedtoolcache\windows\Python\3.14.4\x64\Lib\queue.py", line 199 in get
  File "D:\a\yasb\yasb\venv\Lib\site-packages\watchdog\observers\api.py", line 379 in dispatch_events
  File "D:\a\yasb\yasb\venv\Lib\site-packages\watchdog\observers\api.py", line 213 in run
  File "C:\hostedtoolcache\windows\Python\3.14.4\x64\Lib\threading.py", line 1082 in _bootstrap_inner
  File "C:\hostedtoolcache\windows\Python\3.14.4\x64\Lib\threading.py", line 1044 in _bootstrap

Thread 0x00005a98 [Thread-6] (most recent call first):
  File "D:\a\yasb\yasb\venv\Lib\site-packages\watchdog\observers\winapi.py", line 326 in read_directory_changes
  File "D:\a\yasb\yasb\venv\Lib\site-packages\watchdog\observers\winapi.py", line 380 in read_events
  File "D:\a\yasb\yasb\venv\Lib\site-packages\watchdog\observers\read_directory_changes.py", line 67 in _read_events
  File "D:\a\yasb\yasb\venv\Lib\site-packages\watchdog\observers\read_directory_changes.py", line 70 in queue_events
  File "D:\a\yasb\yasb\venv\Lib\site-packages\watchdog\observers\api.py", line 158 in run
  File "C:\hostedtoolcache\windows\Python\3.14.4\x64\Lib\threading.py", line 1082 in _bootstrap_inner
  File "C:\hostedtoolcache\windows\Python\3.14.4\x64\Lib\threading.py", line 1044 in _bootstrap

Thread 0x00005b38 [WindowsNotificationEventListener] (most recent call first):
  File "C:\hostedtoolcache\windows\Python\3.14.4\x64\Lib\asyncio\windows_events.py", line 775 in _poll
  File "C:\hostedtoolcache\windows\Python\3.14.4\x64\Lib\asyncio\windows_events.py", line 446 in select
  File "C:\hostedtoolcache\windows\Python\3.14.4\x64\Lib\asyncio\base_events.py", line 2019 in _run_once
  File "C:\hostedtoolcache\windows\Python\3.14.4\x64\Lib\asyncio\base_events.py", line 677 in run_forever
  File "C:\hostedtoolcache\windows\Python\3.14.4\x64\Lib\asyncio\base_events.py", line 706 in run_until_complete
  File "D:\a\yasb\yasb\src\core\widgets\services\notifications\windows_notification.py", line 101 in run

Thread 0x00001c04 [MemoryWorker] (most recent call first):
  File "D:\a\yasb\yasb\src\core\widgets\services\memory\memory_api.py", line 244 in run

Thread 0x00005b10 [CpuWorker] (most recent call first):
  File "D:\a\yasb\yasb\src\core\widgets\services\cpu\cpu_api.py", line 318 in run

Thread 0x00005b08 [SystrayHook] (most recent call first):
  File "D:\a\yasb\yasb\src\core\widgets\services\systray\systray_hook.py", line 247 in run
  File "D:\a\yasb\yasb\src\core\widgets\yasb\systray.py", line 79 in run

Thread 0x00005b34 [_EventWorker] (most recent call first):
  File "D:\a\yasb\yasb\venv\Lib\site-packages\qasync\_windows.py", line 147 in _poll
  File "D:\a\yasb\yasb\venv\Lib\site-packages\qasync\_windows.py", line 72 in select
  File "D:\a\yasb\yasb\venv\Lib\site-packages\qasync\_windows.py", line 199 in run

Thread 0x00005b00 [LogPipeServer] (most recent call first):
  File "D:\a\yasb\yasb\src\core\utils\win32\bindings\kernel32.py", line 288 in ConnectNamedPipe
  File "D:\a\yasb\yasb\src\core\utils\cli_server.py", line 138 in _run_server
  File "C:\hostedtoolcache\windows\Python\3.14.4\x64\Lib\threading.py", line 1024 in run
  File "C:\hostedtoolcache\windows\Python\3.14.4\x64\Lib\threading.py", line 1082 in _bootstrap_inner
  File "C:\hostedtoolcache\windows\Python\3.14.4\x64\Lib\threading.py", line 1044 in _bootstrap

Thread 0x00005afc [CLIPipeServer] (most recent call first):
  File "D:\a\yasb\yasb\src\core\utils\win32\bindings\kernel32.py", line 288 in ConnectNamedPipe
  File "D:\a\yasb\yasb\src\core\utils\cli_server.py", line 235 in _run_server
  File "C:\hostedtoolcache\windows\Python\3.14.4\x64\Lib\threading.py", line 1024 in run
  File "C:\hostedtoolcache\windows\Python\3.14.4\x64\Lib\threading.py", line 1082 in _bootstrap_inner
  File "C:\hostedtoolcache\windows\Python\3.14.4\x64\Lib\threading.py", line 1044 in _bootstrap

Current thread 0x00005be0 (most recent call first):
  File "C:\hostedtoolcache\windows\Python\3.14.4\x64\Lib\asyncio\events.py", line 94 in _run
  File "D:\a\yasb\yasb\venv\Lib\site-packages\qasync\__init__.py", line 307 in timerEvent
  File "D:\a\yasb\yasb\venv\Lib\site-packages\qasync\__init__.py", line 404 in run_forever
  File "D:\a\yasb\yasb\venv\Lib\site-packages\qasync\__init__.py", line 428 in run_until_complete
  File "main.py", line 98 in main
  File "main.py", line 188 in <module>
  File "D:\a\yasb\yasb\venv\Lib\site-packages\freeze_core\initscripts\console.py", line 27 in run
  File "D:\a\yasb\yasb\venv\Lib\site-packages\freeze_core\initscripts\__startup__.py", line 137 in run

Current thread's C stack trace (most recent call first):
  <cannot get C stack on this system>
2026-06-11 17:05:48,913 [WARNING] [MainThread] [glazewm_client/client.py:134]: WebSocket error: SocketError.RemoteHostClosedError. Reconnecting...
2026-06-11 17:05:48,930 [INFO] [MainThread] [root/bar_manager.py:118]: Stopping WindowsNotificationEventListener...
2026-06-12 07:09:16,341 [INFO] [MainThread] [root/log.py:104]: YASB v2.0.2
2026-06-12 07:09:16,343 [INFO] [CLIPipeServer] [cli_server/cli_server.py:216]: CLI server started v1.1.7
2026-06-12 07:09:16,343 [INFO] [MainThread] [cli_server/cli_server.py:106]: Log pipe server started
2026-06-12 07:09:17,508 [INFO] [SystrayHook] [systray_hook/systray_hook.py:193]: Injecting into Explorer (PID: 11708)
2026-06-12 07:09:17,541 [INFO] [MainThread] [root/service.py:52]: AudioOutputService starting...
2026-06-12 07:09:17,641 [INFO] [MainThread] [root/bar_manager.py:102]: Starting WindowsNotificationEventListener...
2026-06-12 07:09:17,642 [INFO] [MainThread] [root/watcher.py:65]: Watching directory: c:\users\lyncon.baez\.config\yasb
2026-06-12 07:09:17,642 [INFO] [MainThread] [root/watcher.py:104]: Created file watcher
2026-06-12 16:28:30,576 [INFO] [MainThread] [root/bar_manager.py:118]: Stopping WindowsNotificationEventListener...
2026-06-15 07:05:25,482 [INFO] [MainThread] [root/log.py:104]: YASB v2.0.2
2026-06-15 07:05:25,484 [INFO] [CLIPipeServer] [cli_server/cli_server.py:216]: CLI server started v1.1.7
2026-06-15 07:05:25,484 [INFO] [MainThread] [cli_server/cli_server.py:106]: Log pipe server started
2026-06-15 07:05:26,626 [INFO] [SystrayHook] [systray_hook/systray_hook.py:193]: Injecting into Explorer (PID: 12996)
2026-06-15 07:05:26,657 [INFO] [MainThread] [root/service.py:52]: AudioOutputService starting...
2026-06-15 07:05:26,765 [INFO] [MainThread] [root/bar_manager.py:102]: Starting WindowsNotificationEventListener...
2026-06-15 07:05:26,767 [INFO] [MainThread] [root/watcher.py:65]: Watching directory: c:\users\lyncon.baez\.config\yasb
2026-06-15 07:05:26,768 [INFO] [MainThread] [root/watcher.py:104]: Created file watcher
2026-06-15 17:15:39,930 [INFO] [MainThread] [root/bar_manager.py:118]: Stopping WindowsNotificationEventListener...
2026-06-15 17:15:40,083 [WARNING] [MainThread] [glazewm_client/client.py:134]: WebSocket error: SocketError.RemoteHostClosedError. Reconnecting...
2026-06-16 07:09:33,834 [INFO] [MainThread] [root/log.py:104]: YASB v2.0.2
2026-06-16 07:09:33,835 [INFO] [CLIPipeServer] [cli_server/cli_server.py:216]: CLI server started v1.1.7
2026-06-16 07:09:33,835 [INFO] [MainThread] [cli_server/cli_server.py:106]: Log pipe server started
2026-06-16 07:09:35,056 [INFO] [SystrayHook] [systray_hook/systray_hook.py:193]: Injecting into Explorer (PID: 12640)
2026-06-16 07:09:35,088 [INFO] [MainThread] [root/service.py:52]: AudioOutputService starting...
2026-06-16 07:09:35,206 [INFO] [MainThread] [root/bar_manager.py:102]: Starting WindowsNotificationEventListener...
2026-06-16 07:09:35,208 [INFO] [MainThread] [root/watcher.py:65]: Watching directory: c:\users\lyncon.baez\.config\yasb
2026-06-16 07:09:35,208 [INFO] [MainThread] [root/watcher.py:104]: Created file watcher
Windows fatal exception: code 0x8001010e

Thread 0x0000cbb0 (most recent call first):
  <no Python frame>

Thread 0x00005a48 [asyncio_0] (most recent call first):
  File "C:\hostedtoolcache\windows\Python\3.14.4\x64\Lib\threading.py", line 373 in wait
  File "C:\hostedtoolcache\windows\Python\3.14.4\x64\Lib\threading.py", line 670 in wait
  File "C:\hostedtoolcache\windows\Python\3.14.4\x64\Lib\concurrent\futures\thread.py", line 73 in run
  File "C:\hostedtoolcache\windows\Python\3.14.4\x64\Lib\concurrent\futures\thread.py", line 86 in run
  File "C:\hostedtoolcache\windows\Python\3.14.4\x64\Lib\concurrent\futures\thread.py", line 119 in _worker
  File "C:\hostedtoolcache\windows\Python\3.14.4\x64\Lib\threading.py", line 1024 in run
  File "C:\hostedtoolcache\windows\Python\3.14.4\x64\Lib\threading.py", line 1082 in _bootstrap_inner
  File "C:\hostedtoolcache\windows\Python\3.14.4\x64\Lib\threading.py", line 1044 in _bootstrap

Thread 0x00005a08 [Thread-5] (most recent call first):
  File "C:\hostedtoolcache\windows\Python\3.14.4\x64\Lib\threading.py", line 369 in wait
  File "C:\hostedtoolcache\windows\Python\3.14.4\x64\Lib\queue.py", line 199 in get
  File "D:\a\yasb\yasb\venv\Lib\site-packages\watchdog\observers\api.py", line 379 in dispatch_events
  File "D:\a\yasb\yasb\venv\Lib\site-packages\watchdog\observers\api.py", line 213 in run
  File "C:\hostedtoolcache\windows\Python\3.14.4\x64\Lib\threading.py", line 1082 in _bootstrap_inner
  File "C:\hostedtoolcache\windows\Python\3.14.4\x64\Lib\threading.py", line 1044 in _bootstrap

Thread 0x00005a04 [Thread-6] (most recent call first):
  File "D:\a\yasb\yasb\venv\Lib\site-packages\watchdog\observers\winapi.py", line 326 in read_directory_changes
  File "D:\a\yasb\yasb\venv\Lib\site-packages\watchdog\observers\winapi.py", line 380 in read_events
  File "D:\a\yasb\yasb\venv\Lib\site-packages\watchdog\observers\read_directory_changes.py", line 67 in _read_events
  File "D:\a\yasb\yasb\venv\Lib\site-packages\watchdog\observers\read_directory_changes.py", line 70 in queue_events
  File "D:\a\yasb\yasb\venv\Lib\site-packages\watchdog\observers\api.py", line 158 in run
  File "C:\hostedtoolcache\windows\Python\3.14.4\x64\Lib\threading.py", line 1082 in _bootstrap_inner
  File "C:\hostedtoolcache\windows\Python\3.14.4\x64\Lib\threading.py", line 1044 in _bootstrap

Thread 0x00005a84 [WindowsNotificationEventListener] (most recent call first):
  File "C:\hostedtoolcache\windows\Python\3.14.4\x64\Lib\asyncio\windows_events.py", line 775 in _poll
  File "C:\hostedtoolcache\windows\Python\3.14.4\x64\Lib\asyncio\windows_events.py", line 446 in select
  File "C:\hostedtoolcache\windows\Python\3.14.4\x64\Lib\asyncio\base_events.py", line 2019 in _run_once
  File "C:\hostedtoolcache\windows\Python\3.14.4\x64\Lib\asyncio\base_events.py", line 677 in run_forever
  File "C:\hostedtoolcache\windows\Python\3.14.4\x64\Lib\asyncio\base_events.py", line 706 in run_until_complete
  File "D:\a\yasb\yasb\src\core\widgets\services\notifications\windows_notification.py", line 101 in run

Thread 0x00005950 [MemoryWorker] (most recent call first):
  File "D:\a\yasb\yasb\src\core\widgets\services\memory\memory_api.py", line 244 in run

Thread 0x0000594c [CpuWorker] (most recent call first):
  File "D:\a\yasb\yasb\src\core\widgets\services\cpu\cpu_api.py", line 318 in run

Thread 0x00005948 [SystrayHook] (most recent call first):
  File "D:\a\yasb\yasb\src\core\widgets\services\systray\systray_hook.py", line 247 in run
  File "D:\a\yasb\yasb\src\core\widgets\yasb\systray.py", line 79 in run

Thread 0x000059f0 [_EventWorker] (most recent call first):
  File "D:\a\yasb\yasb\venv\Lib\site-packages\qasync\_windows.py", line 147 in _poll
  File "D:\a\yasb\yasb\venv\Lib\site-packages\qasync\_windows.py", line 72 in select
  File "D:\a\yasb\yasb\venv\Lib\site-packages\qasync\_windows.py", line 199 in run

Thread 0x000058c4 [LogPipeServer] (most recent call first):
  File "D:\a\yasb\yasb\src\core\utils\win32\bindings\kernel32.py", line 288 in ConnectNamedPipe
  File "D:\a\yasb\yasb\src\core\utils\cli_server.py", line 138 in _run_server
  File "C:\hostedtoolcache\windows\Python\3.14.4\x64\Lib\threading.py", line 1024 in run
  File "C:\hostedtoolcache\windows\Python\3.14.4\x64\Lib\threading.py", line 1082 in _bootstrap_inner
  File "C:\hostedtoolcache\windows\Python\3.14.4\x64\Lib\threading.py", line 1044 in _bootstrap

Thread 0x000058c0 [CLIPipeServer] (most recent call first):
  File "D:\a\yasb\yasb\src\core\utils\win32\bindings\kernel32.py", line 288 in ConnectNamedPipe
  File "D:\a\yasb\yasb\src\core\utils\cli_server.py", line 235 in _run_server
  File "C:\hostedtoolcache\windows\Python\3.14.4\x64\Lib\threading.py", line 1024 in run
  File "C:\hostedtoolcache\windows\Python\3.14.4\x64\Lib\threading.py", line 1082 in _bootstrap_inner
  File "C:\hostedtoolcache\windows\Python\3.14.4\x64\Lib\threading.py", line 1044 in _bootstrap

Current thread 0x000056c0 (most recent call first):
  File "D:\a\yasb\yasb\src\core\widgets\services\media\media.py", line 172 in _on_current_session_changed
  File "C:\hostedtoolcache\windows\Python\3.14.4\x64\Lib\asyncio\events.py", line 94 in _run
  File "D:\a\yasb\yasb\venv\Lib\site-packages\qasync\__init__.py", line 307 in timerEvent
  File "D:\a\yasb\yasb\venv\Lib\site-packages\qasync\__init__.py", line 404 in run_forever
  File "D:\a\yasb\yasb\venv\Lib\site-packages\qasync\__init__.py", line 428 in run_until_complete
  File "main.py", line 98 in main
  File "main.py", line 188 in <module>
  File "D:\a\yasb\yasb\venv\Lib\site-packages\freeze_core\initscripts\console.py", line 27 in run
  File "D:\a\yasb\yasb\venv\Lib\site-packages\freeze_core\initscripts\__startup__.py", line 137 in run

Current thread's C stack trace (most recent call first):
  <cannot get C stack on this system>
Windows fatal exception: code 0x8001010e

Thread 0x00005a48 [asyncio_0] (most recent call first):
  File "C:\hostedtoolcache\windows\Python\3.14.4\x64\Lib\threading.py", line 373 in wait
  File "C:\hostedtoolcache\windows\Python\3.14.4\x64\Lib\threading.py", line 670 in wait
  File "C:\hostedtoolcache\windows\Python\3.14.4\x64\Lib\concurrent\futures\thread.py", line 73 in run
  File "C:\hostedtoolcache\windows\Python\3.14.4\x64\Lib\concurrent\futures\thread.py", line 86 in run
  File "C:\hostedtoolcache\windows\Python\3.14.4\x64\Lib\concurrent\futures\thread.py", line 119 in _worker
  File "C:\hostedtoolcache\windows\Python\3.14.4\x64\Lib\threading.py", line 1024 in run
  File "C:\hostedtoolcache\windows\Python\3.14.4\x64\Lib\threading.py", line 1082 in _bootstrap_inner
  File "C:\hostedtoolcache\windows\Python\3.14.4\x64\Lib\threading.py", line 1044 in _bootstrap

Thread 0x00005a08 [Thread-5] (most recent call first):
  File "C:\hostedtoolcache\windows\Python\3.14.4\x64\Lib\threading.py", line 369 in wait
  File "C:\hostedtoolcache\windows\Python\3.14.4\x64\Lib\queue.py", line 199 in get
  File "D:\a\yasb\yasb\venv\Lib\site-packages\watchdog\observers\api.py", line 379 in dispatch_events
  File "D:\a\yasb\yasb\venv\Lib\site-packages\watchdog\observers\api.py", line 213 in run
  File "C:\hostedtoolcache\windows\Python\3.14.4\x64\Lib\threading.py", line 1082 in _bootstrap_inner
  File "C:\hostedtoolcache\windows\Python\3.14.4\x64\Lib\threading.py", line 1044 in _bootstrap

Thread 0x00005a04 [Thread-6] (most recent call first):
  File "D:\a\yasb\yasb\venv\Lib\site-packages\watchdog\observers\winapi.py", line 326 in read_directory_changes
  File "D:\a\yasb\yasb\venv\Lib\site-packages\watchdog\observers\winapi.py", line 380 in read_events
  File "D:\a\yasb\yasb\venv\Lib\site-packages\watchdog\observers\read_directory_changes.py", line 67 in _read_events
  File "D:\a\yasb\yasb\venv\Lib\site-packages\watchdog\observers\read_directory_changes.py", line 70 in queue_events
  File "D:\a\yasb\yasb\venv\Lib\site-packages\watchdog\observers\api.py", line 158 in run
  File "C:\hostedtoolcache\windows\Python\3.14.4\x64\Lib\threading.py", line 1082 in _bootstrap_inner
  File "C:\hostedtoolcache\windows\Python\3.14.4\x64\Lib\threading.py", line 1044 in _bootstrap

Thread 0x00005a84 [WindowsNotificationEventListener] (most recent call first):
  File "C:\hostedtoolcache\windows\Python\3.14.4\x64\Lib\asyncio\windows_events.py", line 775 in _poll
  File "C:\hostedtoolcache\windows\Python\3.14.4\x64\Lib\asyncio\windows_events.py", line 446 in select
  File "C:\hostedtoolcache\windows\Python\3.14.4\x64\Lib\asyncio\base_events.py", line 2019 in _run_once
  File "C:\hostedtoolcache\windows\Python\3.14.4\x64\Lib\asyncio\base_events.py", line 677 in run_forever
  File "C:\hostedtoolcache\windows\Python\3.14.4\x64\Lib\asyncio\base_events.py", line 706 in run_until_complete
  File "D:\a\yasb\yasb\src\core\widgets\services\notifications\windows_notification.py", line 101 in run

Thread 0x00005950 [MemoryWorker] (most recent call first):
  File "D:\a\yasb\yasb\src\core\widgets\services\memory\memory_api.py", line 244 in run

Thread 0x0000594c [CpuWorker] (most recent call first):
  File "D:\a\yasb\yasb\src\core\widgets\services\cpu\cpu_api.py", line 318 in run

Thread 0x00005948 [SystrayHook] (most recent call first):
  File "D:\a\yasb\yasb\src\core\widgets\services\systray\systray_hook.py", line 247 in run
  File "D:\a\yasb\yasb\src\core\widgets\yasb\systray.py", line 79 in run

Thread 0x000059f0 [_EventWorker] (most recent call first):
  File "D:\a\yasb\yasb\venv\Lib\site-packages\qasync\_windows.py", line 147 in _poll
  File "D:\a\yasb\yasb\venv\Lib\site-packages\qasync\_windows.py", line 72 in select
  File "D:\a\yasb\yasb\venv\Lib\site-packages\qasync\_windows.py", line 199 in run

Thread 0x000058c4 [LogPipeServer] (most recent call first):
  File "D:\a\yasb\yasb\src\core\utils\win32\bindings\kernel32.py", line 288 in ConnectNamedPipe
  File "D:\a\yasb\yasb\src\core\utils\cli_server.py", line 138 in _run_server
  File "C:\hostedtoolcache\windows\Python\3.14.4\x64\Lib\threading.py", line 1024 in run
  File "C:\hostedtoolcache\windows\Python\3.14.4\x64\Lib\threading.py", line 1082 in _bootstrap_inner
  File "C:\hostedtoolcache\windows\Python\3.14.4\x64\Lib\threading.py", line 1044 in _bootstrap

Thread 0x000058c0 [CLIPipeServer] (most recent call first):
  File "D:\a\yasb\yasb\src\core\utils\win32\bindings\kernel32.py", line 288 in ConnectNamedPipe
  File "D:\a\yasb\yasb\src\core\utils\cli_server.py", line 235 in _run_server
  File "C:\hostedtoolcache\windows\Python\3.14.4\x64\Lib\threading.py", line 1024 in run
  File "C:\hostedtoolcache\windows\Python\3.14.4\x64\Lib\threading.py", line 1082 in _bootstrap_inner
  File "C:\hostedtoolcache\windows\Python\3.14.4\x64\Lib\threading.py", line 1044 in _bootstrap

Current thread 0x000056c0 (most recent call first):
  File "C:\hostedtoolcache\windows\Python\3.14.4\x64\Lib\asyncio\events.py", line 94 in _run
  File "D:\a\yasb\yasb\venv\Lib\site-packages\qasync\__init__.py", line 307 in timerEvent
  File "D:\a\yasb\yasb\venv\Lib\site-packages\qasync\__init__.py", line 404 in run_forever
  File "D:\a\yasb\yasb\venv\Lib\site-packages\qasync\__init__.py", line 428 in run_until_complete
  File "main.py", line 98 in main
  File "main.py", line 188 in <module>
  File "D:\a\yasb\yasb\venv\Lib\site-packages\freeze_core\initscripts\console.py", line 27 in run
  File "D:\a\yasb\yasb\venv\Lib\site-packages\freeze_core\initscripts\__startup__.py", line 137 in run

Current thread's C stack trace (most recent call first):
  <cannot get C stack on this system>
Windows fatal exception: code 0x8001010e

Thread 0x00005a48 [asyncio_0] (most recent call first):
  File "C:\hostedtoolcache\windows\Python\3.14.4\x64\Lib\threading.py", line 373 in wait
  File "C:\hostedtoolcache\windows\Python\3.14.4\x64\Lib\threading.py", line 670 in wait
  File "C:\hostedtoolcache\windows\Python\3.14.4\x64\Lib\concurrent\futures\thread.py", line 73 in run
  File "C:\hostedtoolcache\windows\Python\3.14.4\x64\Lib\concurrent\futures\thread.py", line 86 in run
  File "C:\hostedtoolcache\windows\Python\3.14.4\x64\Lib\concurrent\futures\thread.py", line 119 in _worker
  File "C:\hostedtoolcache\windows\Python\3.14.4\x64\Lib\threading.py", line 1024 in run
  File "C:\hostedtoolcache\windows\Python\3.14.4\x64\Lib\threading.py", line 1082 in _bootstrap_inner
  File "C:\hostedtoolcache\windows\Python\3.14.4\x64\Lib\threading.py", line 1044 in _bootstrap

Thread 0x00005a08 [Thread-5] (most recent call first):
  File "C:\hostedtoolcache\windows\Python\3.14.4\x64\Lib\threading.py", line 369 in wait
  File "C:\hostedtoolcache\windows\Python\3.14.4\x64\Lib\queue.py", line 199 in get
  File "D:\a\yasb\yasb\venv\Lib\site-packages\watchdog\observers\api.py", line 379 in dispatch_events
  File "D:\a\yasb\yasb\venv\Lib\site-packages\watchdog\observers\api.py", line 213 in run
  File "C:\hostedtoolcache\windows\Python\3.14.4\x64\Lib\threading.py", line 1082 in _bootstrap_inner
  File "C:\hostedtoolcache\windows\Python\3.14.4\x64\Lib\threading.py", line 1044 in _bootstrap

Thread 0x00005a04 [Thread-6] (most recent call first):
  File "D:\a\yasb\yasb\venv\Lib\site-packages\watchdog\observers\winapi.py", line 326 in read_directory_changes
  File "D:\a\yasb\yasb\venv\Lib\site-packages\watchdog\observers\winapi.py", line 380 in read_events
  File "D:\a\yasb\yasb\venv\Lib\site-packages\watchdog\observers\read_directory_changes.py", line 67 in _read_events
  File "D:\a\yasb\yasb\venv\Lib\site-packages\watchdog\observers\read_directory_changes.py", line 70 in queue_events
  File "D:\a\yasb\yasb\venv\Lib\site-packages\watchdog\observers\api.py", line 158 in run
  File "C:\hostedtoolcache\windows\Python\3.14.4\x64\Lib\threading.py", line 1082 in _bootstrap_inner
  File "C:\hostedtoolcache\windows\Python\3.14.4\x64\Lib\threading.py", line 1044 in _bootstrap

Thread 0x00005a84 [WindowsNotificationEventListener] (most recent call first):
  File "C:\hostedtoolcache\windows\Python\3.14.4\x64\Lib\asyncio\windows_events.py", line 775 in _poll
  File "C:\hostedtoolcache\windows\Python\3.14.4\x64\Lib\asyncio\windows_events.py", line 446 in select
  File "C:\hostedtoolcache\windows\Python\3.14.4\x64\Lib\asyncio\base_events.py", line 2019 in _run_once
  File "C:\hostedtoolcache\windows\Python\3.14.4\x64\Lib\asyncio\base_events.py", line 677 in run_forever
  File "C:\hostedtoolcache\windows\Python\3.14.4\x64\Lib\asyncio\base_events.py", line 706 in run_until_complete
  File "D:\a\yasb\yasb\src\core\widgets\services\notifications\windows_notification.py", line 101 in run

Thread 0x00005950 [MemoryWorker] (most recent call first):
  File "D:\a\yasb\yasb\src\core\widgets\services\memory\memory_api.py", line 244 in run

Thread 0x0000594c [CpuWorker] (most recent call first):
  File "D:\a\yasb\yasb\src\core\widgets\services\cpu\cpu_api.py", line 318 in run

Thread 0x00005948 [SystrayHook] (most recent call first):
  File "D:\a\yasb\yasb\src\core\widgets\services\systray\systray_hook.py", line 247 in run
  File "D:\a\yasb\yasb\src\core\widgets\yasb\systray.py", line 79 in run

Thread 0x000059f0 [_EventWorker] (most recent call first):
  File "D:\a\yasb\yasb\venv\Lib\site-packages\qasync\_windows.py", line 147 in _poll
  File "D:\a\yasb\yasb\venv\Lib\site-packages\qasync\_windows.py", line 72 in select
  File "D:\a\yasb\yasb\venv\Lib\site-packages\qasync\_windows.py", line 199 in run

Thread 0x000058c4 [LogPipeServer] (most recent call first):
  File "D:\a\yasb\yasb\src\core\utils\win32\bindings\kernel32.py", line 288 in ConnectNamedPipe
  File "D:\a\yasb\yasb\src\core\utils\cli_server.py", line 138 in _run_server
  File "C:\hostedtoolcache\windows\Python\3.14.4\x64\Lib\threading.py", line 1024 in run
  File "C:\hostedtoolcache\windows\Python\3.14.4\x64\Lib\threading.py", line 1082 in _bootstrap_inner
  File "C:\hostedtoolcache\windows\Python\3.14.4\x64\Lib\threading.py", line 1044 in _bootstrap

Thread 0x000058c0 [CLIPipeServer] (most recent call first):
  File "D:\a\yasb\yasb\src\core\utils\win32\bindings\kernel32.py", line 288 in ConnectNamedPipe
  File "D:\a\yasb\yasb\src\core\utils\cli_server.py", line 235 in _run_server
  File "C:\hostedtoolcache\windows\Python\3.14.4\x64\Lib\threading.py", line 1024 in run
  File "C:\hostedtoolcache\windows\Python\3.14.4\x64\Lib\threading.py", line 1082 in _bootstrap_inner
  File "C:\hostedtoolcache\windows\Python\3.14.4\x64\Lib\threading.py", line 1044 in _bootstrap

Current thread 0x000056c0 (most recent call first):
  File "D:\a\yasb\yasb\src\core\widgets\services\media\media.py", line 172 in _on_current_session_changed
  File "C:\hostedtoolcache\windows\Python\3.14.4\x64\Lib\asyncio\events.py", line 94 in _run
  File "D:\a\yasb\yasb\venv\Lib\site-packages\qasync\__init__.py", line 307 in timerEvent
  File "D:\a\yasb\yasb\venv\Lib\site-packages\qasync\__init__.py", line 404 in run_forever
  File "D:\a\yasb\yasb\venv\Lib\site-packages\qasync\__init__.py", line 428 in run_until_complete
  File "main.py", line 98 in main
  File "main.py", line 188 in <module>
  File "D:\a\yasb\yasb\venv\Lib\site-packages\freeze_core\initscripts\console.py", line 27 in run
  File "D:\a\yasb\yasb\venv\Lib\site-packages\freeze_core\initscripts\__startup__.py", line 137 in run

Current thread's C stack trace (most recent call first):
  <cannot get C stack on this system>
2026-06-16 17:10:22,186 [WARNING] [MainThread] [glazewm_client/client.py:134]: WebSocket error: SocketError.RemoteHostClosedError. Reconnecting...
2026-06-16 17:10:22,194 [INFO] [MainThread] [root/bar_manager.py:118]: Stopping WindowsNotificationEventListener...
2026-06-17 07:07:39,442 [INFO] [MainThread] [root/log.py:104]: YASB v2.0.2
2026-06-17 07:07:39,444 [INFO] [CLIPipeServer] [cli_server/cli_server.py:216]: CLI server started v1.1.7
2026-06-17 07:07:39,444 [INFO] [MainThread] [cli_server/cli_server.py:106]: Log pipe server started
2026-06-17 07:07:40,601 [INFO] [SystrayHook] [systray_hook/systray_hook.py:193]: Injecting into Explorer (PID: 13924)
2026-06-17 07:07:40,631 [INFO] [MainThread] [root/service.py:52]: AudioOutputService starting...
2026-06-17 07:07:40,751 [INFO] [MainThread] [root/bar_manager.py:102]: Starting WindowsNotificationEventListener...
2026-06-17 07:07:40,753 [INFO] [MainThread] [root/watcher.py:65]: Watching directory: c:\users\lyncon.baez\.config\yasb
2026-06-17 07:07:40,753 [INFO] [MainThread] [root/watcher.py:104]: Created file watcher
2026-06-17 12:11:26,080 [ERROR] [SystrayHook] [root/app_icons.py:282]: GetIconInfo failed: 0
Windows fatal exception: code 0x800706f7

Thread 0x0000164c [asyncio_0] (most recent call first):
  File "C:\hostedtoolcache\windows\Python\3.14.4\x64\Lib\threading.py", line 373 in wait
  File "C:\hostedtoolcache\windows\Python\3.14.4\x64\Lib\threading.py", line 670 in wait
  File "C:\hostedtoolcache\windows\Python\3.14.4\x64\Lib\concurrent\futures\thread.py", line 73 in run
  File "C:\hostedtoolcache\windows\Python\3.14.4\x64\Lib\concurrent\futures\thread.py", line 86 in run
  File "C:\hostedtoolcache\windows\Python\3.14.4\x64\Lib\concurrent\futures\thread.py", line 119 in _worker
  File "C:\hostedtoolcache\windows\Python\3.14.4\x64\Lib\threading.py", line 1024 in run
  File "C:\hostedtoolcache\windows\Python\3.14.4\x64\Lib\threading.py", line 1082 in _bootstrap_inner
  File "C:\hostedtoolcache\windows\Python\3.14.4\x64\Lib\threading.py", line 1044 in _bootstrap

Thread 0x000059b0 [Thread-5] (most recent call first):
  File "C:\hostedtoolcache\windows\Python\3.14.4\x64\Lib\threading.py", line 369 in wait
  File "C:\hostedtoolcache\windows\Python\3.14.4\x64\Lib\queue.py", line 199 in get
  File "D:\a\yasb\yasb\venv\Lib\site-packages\watchdog\observers\api.py", line 379 in dispatch_events
  File "D:\a\yasb\yasb\venv\Lib\site-packages\watchdog\observers\api.py", line 213 in run
  File "C:\hostedtoolcache\windows\Python\3.14.4\x64\Lib\threading.py", line 1082 in _bootstrap_inner
  File "C:\hostedtoolcache\windows\Python\3.14.4\x64\Lib\threading.py", line 1044 in _bootstrap

Thread 0x00005574 [Thread-6] (most recent call first):
  File "D:\a\yasb\yasb\venv\Lib\site-packages\watchdog\observers\winapi.py", line 326 in read_directory_changes
  File "D:\a\yasb\yasb\venv\Lib\site-packages\watchdog\observers\winapi.py", line 380 in read_events
  File "D:\a\yasb\yasb\venv\Lib\site-packages\watchdog\observers\read_directory_changes.py", line 67 in _read_events
  File "D:\a\yasb\yasb\venv\Lib\site-packages\watchdog\observers\read_directory_changes.py", line 70 in queue_events
  File "D:\a\yasb\yasb\venv\Lib\site-packages\watchdog\observers\api.py", line 158 in run
  File "C:\hostedtoolcache\windows\Python\3.14.4\x64\Lib\threading.py", line 1082 in _bootstrap_inner
  File "C:\hostedtoolcache\windows\Python\3.14.4\x64\Lib\threading.py", line 1044 in _bootstrap

Thread 0x00005578 [WindowsNotificationEventListener] (most recent call first):
  File "C:\hostedtoolcache\windows\Python\3.14.4\x64\Lib\asyncio\windows_events.py", line 775 in _poll
  File "C:\hostedtoolcache\windows\Python\3.14.4\x64\Lib\asyncio\windows_events.py", line 446 in select
  File "C:\hostedtoolcache\windows\Python\3.14.4\x64\Lib\asyncio\base_events.py", line 2019 in _run_once
  File "C:\hostedtoolcache\windows\Python\3.14.4\x64\Lib\asyncio\base_events.py", line 677 in run_forever
  File "C:\hostedtoolcache\windows\Python\3.14.4\x64\Lib\asyncio\base_events.py", line 706 in run_until_complete
  File "D:\a\yasb\yasb\src\core\widgets\services\notifications\windows_notification.py", line 101 in run

Thread 0x000057a4 [MemoryWorker] (most recent call first):
  File "D:\a\yasb\yasb\src\core\widgets\services\memory\memory_api.py", line 244 in run

Thread 0x00002d38 [CpuWorker] (most recent call first):
  File "D:\a\yasb\yasb\src\core\widgets\services\cpu\cpu_api.py", line 318 in run

Thread 0x00005590 [SystrayHook] (most recent call first):
  File "D:\a\yasb\yasb\src\core\widgets\services\systray\systray_hook.py", line 247 in run
  File "D:\a\yasb\yasb\src\core\widgets\yasb\systray.py", line 79 in run

Thread 0x00003258 [_EventWorker] (most recent call first):
  File "D:\a\yasb\yasb\venv\Lib\site-packages\qasync\_windows.py", line 147 in _poll
  File "D:\a\yasb\yasb\venv\Lib\site-packages\qasync\_windows.py", line 72 in select
  File "D:\a\yasb\yasb\venv\Lib\site-packages\qasync\_windows.py", line 199 in run

Thread 0x00005b64 [LogPipeServer] (most recent call first):
  File "D:\a\yasb\yasb\src\core\utils\win32\bindings\kernel32.py", line 288 in ConnectNamedPipe
  File "D:\a\yasb\yasb\src\core\utils\cli_server.py", line 138 in _run_server
  File "C:\hostedtoolcache\windows\Python\3.14.4\x64\Lib\threading.py", line 1024 in run
  File "C:\hostedtoolcache\windows\Python\3.14.4\x64\Lib\threading.py", line 1082 in _bootstrap_inner
  File "C:\hostedtoolcache\windows\Python\3.14.4\x64\Lib\threading.py", line 1044 in _bootstrap

Thread 0x00005b60 [CLIPipeServer] (most recent call first):
  File "D:\a\yasb\yasb\src\core\utils\win32\bindings\kernel32.py", line 288 in ConnectNamedPipe
  File "D:\a\yasb\yasb\src\core\utils\cli_server.py", line 235 in _run_server
  File "C:\hostedtoolcache\windows\Python\3.14.4\x64\Lib\threading.py", line 1024 in run
  File "C:\hostedtoolcache\windows\Python\3.14.4\x64\Lib\threading.py", line 1082 in _bootstrap_inner
  File "C:\hostedtoolcache\windows\Python\3.14.4\x64\Lib\threading.py", line 1044 in _bootstrap

Current thread 0x00005978 (most recent call first):
  File "D:\a\yasb\yasb\src\core\widgets\services\volume\service.py", line 285 in get_active_audio_sessions
  File "D:\a\yasb\yasb\src\core\widgets\yasb\volume.py", line 378 in show_volume_menu
  File "D:\a\yasb\yasb\src\core\widgets\yasb\volume.py", line 75 in _toggle_volume_menu
  File "D:\a\yasb\yasb\src\core\widgets\base.py", line 124 in _run_callback
  File "D:\a\yasb\yasb\src\core\widgets\base.py", line 105 in _handle_mouse_events
  File "D:\a\yasb\yasb\venv\Lib\site-packages\qasync\__init__.py", line 404 in run_forever
  File "D:\a\yasb\yasb\venv\Lib\site-packages\qasync\__init__.py", line 428 in run_until_complete
  File "main.py", line 98 in main
  File "main.py", line 188 in <module>
  File "D:\a\yasb\yasb\venv\Lib\site-packages\freeze_core\initscripts\console.py", line 27 in run
  File "D:\a\yasb\yasb\venv\Lib\site-packages\freeze_core\initscripts\__startup__.py", line 137 in run

Current thread's C stack trace (most recent call first):
  <cannot get C stack on this system>
2026-06-18 17:02:08,410 [INFO] [MainThread] [root/bar_manager.py:118]: Stopping WindowsNotificationEventListener...
2026-06-19 07:10:01,642 [INFO] [MainThread] [root/log.py:104]: YASB v2.0.2
2026-06-19 07:10:01,644 [INFO] [CLIPipeServer] [cli_server/cli_server.py:216]: CLI server started v1.1.7
2026-06-19 07:10:01,644 [INFO] [MainThread] [cli_server/cli_server.py:106]: Log pipe server started
2026-06-19 07:10:02,826 [INFO] [SystrayHook] [systray_hook/systray_hook.py:193]: Injecting into Explorer (PID: 4952)
2026-06-19 07:10:02,857 [INFO] [MainThread] [root/service.py:52]: AudioOutputService starting...
2026-06-19 07:10:02,968 [INFO] [MainThread] [root/bar_manager.py:102]: Starting WindowsNotificationEventListener...
2026-06-19 07:10:02,969 [INFO] [MainThread] [root/watcher.py:65]: Watching directory: c:\users\lyncon.baez\.config\yasb
2026-06-19 07:10:02,969 [INFO] [MainThread] [root/watcher.py:104]: Created file watcher
2026-06-19 16:28:13,700 [WARNING] [MainThread] [glazewm_client/client.py:134]: WebSocket error: SocketError.RemoteHostClosedError. Reconnecting...
2026-06-19 16:28:13,710 [INFO] [MainThread] [root/bar_manager.py:118]: Stopping WindowsNotificationEventListener...
2026-06-22 07:04:22,703 [INFO] [MainThread] [root/log.py:104]: YASB v2.0.2
2026-06-22 07:04:22,704 [INFO] [CLIPipeServer] [cli_server/cli_server.py:216]: CLI server started v1.1.7
2026-06-22 07:04:22,705 [INFO] [MainThread] [cli_server/cli_server.py:106]: Log pipe server started
2026-06-22 07:04:23,936 [INFO] [SystrayHook] [systray_hook/systray_hook.py:193]: Injecting into Explorer (PID: 6900)
2026-06-22 07:04:23,971 [INFO] [MainThread] [root/service.py:52]: AudioOutputService starting...
2026-06-22 07:04:24,091 [INFO] [MainThread] [root/bar_manager.py:102]: Starting WindowsNotificationEventListener...
2026-06-22 07:04:24,092 [INFO] [MainThread] [root/watcher.py:65]: Watching directory: c:\users\lyncon.baez\.config\yasb
2026-06-22 07:04:24,092 [INFO] [MainThread] [root/watcher.py:104]: Created file watcher
2026-06-22 17:04:24,312 [INFO] [MainThread] [root/bar_manager.py:118]: Stopping WindowsNotificationEventListener...
2026-06-23 07:36:47,731 [INFO] [MainThread] [root/log.py:104]: YASB v2.0.2
2026-06-23 07:36:47,733 [INFO] [CLIPipeServer] [cli_server/cli_server.py:216]: CLI server started v1.1.7
2026-06-23 07:36:47,733 [INFO] [MainThread] [cli_server/cli_server.py:106]: Log pipe server started
2026-06-23 07:36:49,012 [INFO] [SystrayHook] [systray_hook/systray_hook.py:193]: Injecting into Explorer (PID: 10900)
2026-06-23 07:36:49,045 [INFO] [MainThread] [root/service.py:52]: AudioOutputService starting...
2026-06-23 07:36:49,152 [INFO] [MainThread] [root/bar_manager.py:102]: Starting WindowsNotificationEventListener...
2026-06-23 07:36:49,153 [INFO] [MainThread] [root/watcher.py:65]: Watching directory: c:\users\lyncon.baez\.config\yasb
2026-06-23 07:36:49,154 [INFO] [MainThread] [root/watcher.py:104]: Created file watcher
2026-06-23 17:11:40,787 [WARNING] [MainThread] [glazewm_client/client.py:134]: WebSocket error: SocketError.RemoteHostClosedError. Reconnecting...
2026-06-23 17:11:40,792 [INFO] [MainThread] [root/bar_manager.py:118]: Stopping WindowsNotificationEventListener...
2026-06-25 07:05:03,773 [INFO] [MainThread] [root/log.py:104]: YASB v2.0.2
2026-06-25 07:05:03,775 [INFO] [CLIPipeServer] [cli_server/cli_server.py:216]: CLI server started v1.1.7
2026-06-25 07:05:03,775 [INFO] [MainThread] [cli_server/cli_server.py:106]: Log pipe server started
2026-06-25 07:05:04,983 [INFO] [SystrayHook] [systray_hook/systray_hook.py:193]: Injecting into Explorer (PID: 9832)
2026-06-25 07:05:05,021 [INFO] [MainThread] [root/service.py:52]: AudioOutputService starting...
2026-06-25 07:05:05,126 [INFO] [MainThread] [root/bar_manager.py:102]: Starting WindowsNotificationEventListener...
2026-06-25 07:05:05,127 [INFO] [MainThread] [root/watcher.py:65]: Watching directory: c:\users\lyncon.baez\.config\yasb
2026-06-25 07:05:05,127 [INFO] [MainThread] [root/watcher.py:104]: Created file watcher
2026-06-25 07:05:17,559 [ERROR] [MainThread] [open_meteo/api.py:104]: No internet connection or host not found. Unable to fetch weather.
2026-06-25 07:05:17,559 [WARNING] [MainThread] [root/open_meteo.py:888]: Error processing Open-Meteo data: Weather data is empty.
2026-06-25 07:05:39,566 [ERROR] [MainThread] [open_meteo/api.py:104]: No internet connection or host not found. Unable to fetch weather.
2026-06-25 07:05:39,567 [WARNING] [MainThread] [root/open_meteo.py:888]: Error processing Open-Meteo data: Weather data is empty.
2026-06-25 07:05:49,564 [ERROR] [MainThread] [open_meteo/api.py:104]: No internet connection or host not found. Unable to fetch weather.
2026-06-25 07:05:49,564 [WARNING] [MainThread] [root/open_meteo.py:888]: Error processing Open-Meteo data: Weather data is empty.
2026-06-25 07:05:59,566 [ERROR] [MainThread] [open_meteo/api.py:104]: No internet connection or host not found. Unable to fetch weather.
2026-06-25 07:05:59,566 [WARNING] [MainThread] [root/open_meteo.py:888]: Error processing Open-Meteo data: Weather data is empty.
2026-06-25 07:06:09,565 [ERROR] [MainThread] [open_meteo/api.py:104]: No internet connection or host not found. Unable to fetch weather.
2026-06-25 07:06:09,565 [WARNING] [MainThread] [root/open_meteo.py:888]: Error processing Open-Meteo data: Weather data is empty.
2026-06-25 07:06:19,577 [ERROR] [MainThread] [open_meteo/api.py:104]: No internet connection or host not found. Unable to fetch weather.
2026-06-25 07:06:19,577 [WARNING] [MainThread] [root/open_meteo.py:888]: Error processing Open-Meteo data: Weather data is empty.
2026-06-25 07:06:29,578 [ERROR] [MainThread] [open_meteo/api.py:104]: No internet connection or host not found. Unable to fetch weather.
2026-06-25 07:06:29,578 [WARNING] [MainThread] [root/open_meteo.py:888]: Error processing Open-Meteo data: Weather data is empty.
2026-06-25 07:06:51,566 [ERROR] [MainThread] [open_meteo/api.py:104]: No internet connection or host not found. Unable to fetch weather.
2026-06-25 07:06:51,567 [WARNING] [MainThread] [root/open_meteo.py:888]: Error processing Open-Meteo data: Weather data is empty.
2026-06-25 07:07:01,579 [ERROR] [MainThread] [open_meteo/api.py:104]: No internet connection or host not found. Unable to fetch weather.
2026-06-25 07:07:01,579 [WARNING] [MainThread] [root/open_meteo.py:888]: Error processing Open-Meteo data: Weather data is empty.
2026-06-25 07:07:11,581 [ERROR] [MainThread] [open_meteo/api.py:104]: No internet connection or host not found. Unable to fetch weather.
2026-06-25 07:07:11,581 [WARNING] [MainThread] [root/open_meteo.py:888]: Error processing Open-Meteo data: Weather data is empty.
2026-06-25 07:07:33,598 [ERROR] [MainThread] [open_meteo/api.py:104]: No internet connection or host not found. Unable to fetch weather.
2026-06-25 07:07:33,598 [WARNING] [MainThread] [root/open_meteo.py:888]: Error processing Open-Meteo data: Weather data is empty.
2026-06-25 07:07:55,612 [ERROR] [MainThread] [open_meteo/api.py:104]: No internet connection or host not found. Unable to fetch weather.
2026-06-25 07:07:55,612 [WARNING] [MainThread] [root/open_meteo.py:888]: Error processing Open-Meteo data: Weather data is empty.
2026-06-25 07:08:05,626 [ERROR] [MainThread] [open_meteo/api.py:104]: No internet connection or host not found. Unable to fetch weather.
2026-06-25 07:08:05,626 [WARNING] [MainThread] [root/open_meteo.py:888]: Error processing Open-Meteo data: Weather data is empty.
2026-06-25 07:08:15,640 [ERROR] [MainThread] [open_meteo/api.py:104]: No internet connection or host not found. Unable to fetch weather.
2026-06-25 07:08:15,640 [WARNING] [MainThread] [root/open_meteo.py:888]: Error processing Open-Meteo data: Weather data is empty.
2026-06-25 07:08:25,636 [ERROR] [MainThread] [open_meteo/api.py:104]: No internet connection or host not found. Unable to fetch weather.
2026-06-25 07:08:25,636 [WARNING] [MainThread] [root/open_meteo.py:888]: Error processing Open-Meteo data: Weather data is empty.
2026-06-25 07:08:35,638 [ERROR] [MainThread] [open_meteo/api.py:104]: No internet connection or host not found. Unable to fetch weather.
2026-06-25 07:08:35,638 [WARNING] [MainThread] [root/open_meteo.py:888]: Error processing Open-Meteo data: Weather data is empty.
2026-06-25 07:08:57,640 [ERROR] [MainThread] [open_meteo/api.py:104]: No internet connection or host not found. Unable to fetch weather.
2026-06-25 07:08:57,640 [WARNING] [MainThread] [root/open_meteo.py:888]: Error processing Open-Meteo data: Weather data is empty.
2026-06-25 07:09:19,643 [ERROR] [MainThread] [open_meteo/api.py:104]: No internet connection or host not found. Unable to fetch weather.
2026-06-25 07:09:19,643 [WARNING] [MainThread] [root/open_meteo.py:888]: Error processing Open-Meteo data: Weather data is empty.
2026-06-25 07:09:41,646 [ERROR] [MainThread] [open_meteo/api.py:104]: No internet connection or host not found. Unable to fetch weather.
2026-06-25 07:09:41,646 [WARNING] [MainThread] [root/open_meteo.py:888]: Error processing Open-Meteo data: Weather data is empty.
2026-06-25 07:09:51,652 [ERROR] [MainThread] [open_meteo/api.py:104]: No internet connection or host not found. Unable to fetch weather.
2026-06-25 07:09:51,653 [WARNING] [MainThread] [root/open_meteo.py:888]: Error processing Open-Meteo data: Weather data is empty.
2026-06-25 17:03:32,895 [WARNING] [MainThread] [glazewm_client/client.py:134]: WebSocket error: SocketError.RemoteHostClosedError. Reconnecting...
2026-06-25 17:03:32,899 [INFO] [MainThread] [root/bar_manager.py:118]: Stopping WindowsNotificationEventListener...
2026-06-29 07:13:05,278 [INFO] [MainThread] [root/log.py:104]: YASB v2.0.2
2026-06-29 07:13:05,280 [INFO] [CLIPipeServer] [cli_server/cli_server.py:216]: CLI server started v1.1.7
2026-06-29 07:13:05,280 [INFO] [MainThread] [cli_server/cli_server.py:106]: Log pipe server started
2026-06-29 07:13:06,217 [INFO] [SystrayHook] [systray_hook/systray_hook.py:193]: Injecting into Explorer (PID: 12648)
2026-06-29 07:13:06,236 [INFO] [MainThread] [root/service.py:52]: AudioOutputService starting...
2026-06-29 07:13:06,335 [INFO] [MainThread] [root/bar_manager.py:102]: Starting WindowsNotificationEventListener...
2026-06-29 07:13:06,336 [INFO] [MainThread] [root/watcher.py:65]: Watching directory: c:\users\lyncon.baez\.config\yasb
2026-06-29 07:13:06,336 [INFO] [MainThread] [root/watcher.py:104]: Created file watcher
2026-06-29 07:37:16,826 [INFO] [MainThread] [root/bar.py:153]: Screen geometry changed. Updating position for bar primary-bar on screen DELL S3422DWG
2026-06-29 08:10:00,003 [WARNING] [MainThread] [glazewm_client/client.py:134]: WebSocket error: SocketError.RemoteHostClosedError. Reconnecting...
2026-06-29 08:41:16,321 [INFO] [MainThread] [root/bar.py:153]: Screen geometry changed. Updating position for bar primary-bar on screen DELL S3422DWG
2026-06-30 12:00:49,869 [ERROR] [SystrayHook] [root/app_icons.py:282]: GetIconInfo failed: 0
Windows fatal exception: access violation

Thread 0x000054d8 [asyncio_0] (most recent call first):
  File "C:\hostedtoolcache\windows\Python\3.14.4\x64\Lib\threading.py", line 373 in wait
  File "C:\hostedtoolcache\windows\Python\3.14.4\x64\Lib\threading.py", line 670 in wait
  File "C:\hostedtoolcache\windows\Python\3.14.4\x64\Lib\concurrent\futures\thread.py", line 73 in run
  File "C:\hostedtoolcache\windows\Python\3.14.4\x64\Lib\concurrent\futures\thread.py", line 86 in run
  File "C:\hostedtoolcache\windows\Python\3.14.4\x64\Lib\concurrent\futures\thread.py", line 119 in _worker
  File "C:\hostedtoolcache\windows\Python\3.14.4\x64\Lib\threading.py", line 1024 in run
  File "C:\hostedtoolcache\windows\Python\3.14.4\x64\Lib\threading.py", line 1082 in _bootstrap_inner
  File "C:\hostedtoolcache\windows\Python\3.14.4\x64\Lib\threading.py", line 1044 in _bootstrap

Thread 0x0000549c [Thread-5] (most recent call first):
  File "C:\hostedtoolcache\windows\Python\3.14.4\x64\Lib\threading.py", line 369 in wait
  File "C:\hostedtoolcache\windows\Python\3.14.4\x64\Lib\queue.py", line 199 in get
  File "D:\a\yasb\yasb\venv\Lib\site-packages\watchdog\observers\api.py", line 379 in dispatch_events
  File "D:\a\yasb\yasb\venv\Lib\site-packages\watchdog\observers\api.py", line 213 in run
  File "C:\hostedtoolcache\windows\Python\3.14.4\x64\Lib\threading.py", line 1082 in _bootstrap_inner
  File "C:\hostedtoolcache\windows\Python\3.14.4\x64\Lib\threading.py", line 1044 in _bootstrap

Thread 0x00005498 [Thread-6] (most recent call first):
  File "D:\a\yasb\yasb\venv\Lib\site-packages\watchdog\observers\winapi.py", line 326 in read_directory_changes
  File "D:\a\yasb\yasb\venv\Lib\site-packages\watchdog\observers\winapi.py", line 380 in read_events
  File "D:\a\yasb\yasb\venv\Lib\site-packages\watchdog\observers\read_directory_changes.py", line 67 in _read_events
  File "D:\a\yasb\yasb\venv\Lib\site-packages\watchdog\observers\read_directory_changes.py", line 70 in queue_events
  File "D:\a\yasb\yasb\venv\Lib\site-packages\watchdog\observers\api.py", line 158 in run
  File "C:\hostedtoolcache\windows\Python\3.14.4\x64\Lib\threading.py", line 1082 in _bootstrap_inner
  File "C:\hostedtoolcache\windows\Python\3.14.4\x64\Lib\threading.py", line 1044 in _bootstrap

Thread 0x00005494 [WindowsNotificationEventListener] (most recent call first):
  File "C:\hostedtoolcache\windows\Python\3.14.4\x64\Lib\asyncio\windows_events.py", line 775 in _poll
  File "C:\hostedtoolcache\windows\Python\3.14.4\x64\Lib\asyncio\windows_events.py", line 446 in select
  File "C:\hostedtoolcache\windows\Python\3.14.4\x64\Lib\asyncio\base_events.py", line 2019 in _run_once
  File "C:\hostedtoolcache\windows\Python\3.14.4\x64\Lib\asyncio\base_events.py", line 677 in run_forever
  File "C:\hostedtoolcache\windows\Python\3.14.4\x64\Lib\asyncio\base_events.py", line 706 in run_until_complete
  File "D:\a\yasb\yasb\src\core\widgets\services\notifications\windows_notification.py", line 101 in run

Thread 0x000055cc [MemoryWorker] (most recent call first):
  File "D:\a\yasb\yasb\src\core\widgets\services\memory\memory_api.py", line 244 in run

Thread 0x000055c4 [CpuWorker] (most recent call first):
  File "D:\a\yasb\yasb\src\core\widgets\services\cpu\cpu_api.py", line 318 in run

Current thread 0x000055b8 [SystrayHook] (most recent call first):
  File "D:\a\yasb\yasb\src\core\widgets\services\systray\utils.py", line 229 in validate_icon_data
  File "D:\a\yasb\yasb\src\core\widgets\services\systray\systray_hook.py", line 319 in process_message
  File "D:\a\yasb\yasb\src\core\widgets\services\systray\systray_hook.py", line 270 in run
  File "D:\a\yasb\yasb\src\core\widgets\yasb\systray.py", line 79 in run

Thread 0x000055a8 [_EventWorker] (most recent call first):
  File "D:\a\yasb\yasb\venv\Lib\site-packages\qasync\_windows.py", line 147 in _poll
  File "D:\a\yasb\yasb\venv\Lib\site-packages\qasync\_windows.py", line 72 in select
  File "D:\a\yasb\yasb\venv\Lib\site-packages\qasync\_windows.py", line 199 in run

Thread 0x000054c0 [LogPipeServer] (most recent call first):
  File "D:\a\yasb\yasb\src\core\utils\win32\bindings\kernel32.py", line 288 in ConnectNamedPipe
  File "D:\a\yasb\yasb\src\core\utils\cli_server.py", line 138 in _run_server
  File "C:\hostedtoolcache\windows\Python\3.14.4\x64\Lib\threading.py", line 1024 in run
  File "C:\hostedtoolcache\windows\Python\3.14.4\x64\Lib\threading.py", line 1082 in _bootstrap_inner
  File "C:\hostedtoolcache\windows\Python\3.14.4\x64\Lib\threading.py", line 1044 in _bootstrap

Thread 0x00005bfc [CLIPipeServer] (most recent call first):
  File "D:\a\yasb\yasb\src\core\utils\win32\bindings\kernel32.py", line 288 in ConnectNamedPipe
  File "D:\a\yasb\yasb\src\core\utils\cli_server.py", line 235 in _run_server
  File "C:\hostedtoolcache\windows\Python\3.14.4\x64\Lib\threading.py", line 1024 in run
  File "C:\hostedtoolcache\windows\Python\3.14.4\x64\Lib\threading.py", line 1082 in _bootstrap_inner
  File "C:\hostedtoolcache\windows\Python\3.14.4\x64\Lib\threading.py", line 1044 in _bootstrap

Thread 0x00005b90 (most recent call first):
  File "D:\a\yasb\yasb\venv\Lib\site-packages\qasync\__init__.py", line 404 in run_forever
  File "D:\a\yasb\yasb\venv\Lib\site-packages\qasync\__init__.py", line 428 in run_until_complete
  File "main.py", line 98 in main
  File "main.py", line 188 in <module>
  File "D:\a\yasb\yasb\venv\Lib\site-packages\freeze_core\initscripts\console.py", line 27 in run
  File "D:\a\yasb\yasb\venv\Lib\site-packages\freeze_core\initscripts\__startup__.py", line 137 in run

Current thread's C stack trace (most recent call first):
  <cannot get C stack on this system>
2026-06-30 12:37:20,207 [INFO] [MainThread] [root/log.py:104]: YASB v2.0.2
2026-06-30 12:37:20,207 [INFO] [CLIPipeServer] [cli_server/cli_server.py:216]: CLI server started v1.1.7
2026-06-30 12:37:20,208 [INFO] [MainThread] [cli_server/cli_server.py:106]: Log pipe server started
2026-06-30 12:37:20,807 [INFO] [MainThread] [root/service.py:52]: AudioOutputService starting...
2026-06-30 12:37:20,823 [INFO] [SystrayHook] [systray_hook/systray_hook.py:193]: Injecting into Explorer (PID: 12648)
2026-06-30 12:37:21,104 [INFO] [MainThread] [root/bar_manager.py:102]: Starting WindowsNotificationEventListener...
2026-06-30 12:37:21,105 [INFO] [MainThread] [root/watcher.py:65]: Watching directory: c:\users\lyncon.baez\.config\yasb
2026-06-30 12:37:21,105 [INFO] [MainThread] [root/watcher.py:104]: Created file watcher
2026-06-30 14:18:55,051 [INFO] [MainThread] [root/log.py:104]: YASB v2.0.2
2026-06-30 14:18:55,052 [INFO] [CLIPipeServer] [cli_server/cli_server.py:216]: CLI server started v1.1.7
2026-06-30 14:18:55,053 [INFO] [MainThread] [cli_server/cli_server.py:106]: Log pipe server started
2026-06-30 14:18:56,042 [INFO] [SystrayHook] [systray_hook/systray_hook.py:193]: Injecting into Explorer (PID: 7132)
2026-06-30 14:18:56,056 [INFO] [MainThread] [root/service.py:52]: AudioOutputService starting...
2026-06-30 14:18:56,181 [INFO] [MainThread] [root/bar_manager.py:102]: Starting WindowsNotificationEventListener...
2026-06-30 14:18:56,182 [INFO] [MainThread] [root/watcher.py:65]: Watching directory: c:\users\lyncon.baez\.config\yasb
2026-06-30 14:18:56,183 [INFO] [MainThread] [root/watcher.py:104]: Created file watcher
2026-06-30 14:19:57,329 [WARNING] [MainThread] [glazewm_client/client.py:134]: WebSocket error: SocketError.RemoteHostClosedError. Reconnecting...
2026-06-30 14:20:01,524 [INFO] [MainThread] [root/controller.py:43]: Exiting Application from tray...
2026-06-30 14:20:01,625 [INFO] [MainThread] [cli_server/cli_server.py:114]: Log pipe server stopped
2026-06-30 14:20:01,645 [INFO] [MainThread] [root/bar_manager.py:118]: Stopping WindowsNotificationEventListener...
2026-06-30 14:22:03,044 [INFO] [MainThread] [root/log.py:104]: YASB v2.0.2
2026-06-30 14:22:03,045 [INFO] [CLIPipeServer] [cli_server/cli_server.py:216]: CLI server started v1.1.7
2026-06-30 14:22:03,046 [INFO] [MainThread] [cli_server/cli_server.py:106]: Log pipe server started
2026-06-30 14:22:04,107 [INFO] [SystrayHook] [systray_hook/systray_hook.py:193]: Injecting into Explorer (PID: 11684)
2026-06-30 14:22:04,125 [INFO] [MainThread] [root/service.py:52]: AudioOutputService starting...
2026-06-30 14:22:04,233 [INFO] [MainThread] [root/bar_manager.py:102]: Starting WindowsNotificationEventListener...
2026-06-30 14:22:04,235 [INFO] [MainThread] [root/watcher.py:65]: Watching directory: c:\users\lyncon.baez\.config\yasb
2026-06-30 14:22:04,235 [INFO] [MainThread] [root/watcher.py:104]: Created file watcher
Windows fatal exception: code 0x8001010e

Thread 0x000058e0 [asyncio_0] (most recent call first):
  File "C:\hostedtoolcache\windows\Python\3.14.4\x64\Lib\threading.py", line 373 in wait
  File "C:\hostedtoolcache\windows\Python\3.14.4\x64\Lib\threading.py", line 670 in wait
  File "C:\hostedtoolcache\windows\Python\3.14.4\x64\Lib\concurrent\futures\thread.py", line 73 in run
  File "C:\hostedtoolcache\windows\Python\3.14.4\x64\Lib\concurrent\futures\thread.py", line 86 in run
  File "C:\hostedtoolcache\windows\Python\3.14.4\x64\Lib\concurrent\futures\thread.py", line 119 in _worker
  File "C:\hostedtoolcache\windows\Python\3.14.4\x64\Lib\threading.py", line 1024 in run
  File "C:\hostedtoolcache\windows\Python\3.14.4\x64\Lib\threading.py", line 1082 in _bootstrap_inner
  File "C:\hostedtoolcache\windows\Python\3.14.4\x64\Lib\threading.py", line 1044 in _bootstrap

Thread 0x000058d8 [Thread-5] (most recent call first):
  File "C:\hostedtoolcache\windows\Python\3.14.4\x64\Lib\threading.py", line 369 in wait
  File "C:\hostedtoolcache\windows\Python\3.14.4\x64\Lib\queue.py", line 199 in get
  File "D:\a\yasb\yasb\venv\Lib\site-packages\watchdog\observers\api.py", line 379 in dispatch_events
  File "D:\a\yasb\yasb\venv\Lib\site-packages\watchdog\observers\api.py", line 213 in run
  File "C:\hostedtoolcache\windows\Python\3.14.4\x64\Lib\threading.py", line 1082 in _bootstrap_inner
  File "C:\hostedtoolcache\windows\Python\3.14.4\x64\Lib\threading.py", line 1044 in _bootstrap

Thread 0x000058d4 [Thread-6] (most recent call first):
  File "D:\a\yasb\yasb\venv\Lib\site-packages\watchdog\observers\winapi.py", line 326 in read_directory_changes
  File "D:\a\yasb\yasb\venv\Lib\site-packages\watchdog\observers\winapi.py", line 380 in read_events
  File "D:\a\yasb\yasb\venv\Lib\site-packages\watchdog\observers\read_directory_changes.py", line 67 in _read_events
  File "D:\a\yasb\yasb\venv\Lib\site-packages\watchdog\observers\read_directory_changes.py", line 70 in queue_events
  File "D:\a\yasb\yasb\venv\Lib\site-packages\watchdog\observers\api.py", line 158 in run
  File "C:\hostedtoolcache\windows\Python\3.14.4\x64\Lib\threading.py", line 1082 in _bootstrap_inner
  File "C:\hostedtoolcache\windows\Python\3.14.4\x64\Lib\threading.py", line 1044 in _bootstrap

Thread 0x000058d0 [WindowsNotificationEventListener] (most recent call first):
  File "C:\hostedtoolcache\windows\Python\3.14.4\x64\Lib\asyncio\windows_events.py", line 775 in _poll
  File "C:\hostedtoolcache\windows\Python\3.14.4\x64\Lib\asyncio\windows_events.py", line 446 in select
  File "C:\hostedtoolcache\windows\Python\3.14.4\x64\Lib\asyncio\base_events.py", line 2019 in _run_once
  File "C:\hostedtoolcache\windows\Python\3.14.4\x64\Lib\asyncio\base_events.py", line 677 in run_forever
  File "C:\hostedtoolcache\windows\Python\3.14.4\x64\Lib\asyncio\base_events.py", line 706 in run_until_complete
  File "D:\a\yasb\yasb\src\core\widgets\services\notifications\windows_notification.py", line 101 in run

Thread 0x00005940 [MemoryWorker] (most recent call first):
  File "D:\a\yasb\yasb\src\core\widgets\services\memory\memory_api.py", line 244 in run

Thread 0x000058c0 [CpuWorker] (most recent call first):
  File "D:\a\yasb\yasb\src\core\widgets\services\cpu\cpu_api.py", line 318 in run

Thread 0x0000266c [SystrayHook] (most recent call first):
  File "D:\a\yasb\yasb\src\core\widgets\services\systray\systray_hook.py", line 247 in run
  File "D:\a\yasb\yasb\src\core\widgets\yasb\systray.py", line 79 in run

Thread 0x000055b8 [_EventWorker] (most recent call first):
  File "D:\a\yasb\yasb\venv\Lib\site-packages\qasync\_windows.py", line 147 in _poll
  File "D:\a\yasb\yasb\venv\Lib\site-packages\qasync\_windows.py", line 72 in select
  File "D:\a\yasb\yasb\venv\Lib\site-packages\qasync\_windows.py", line 199 in run

Thread 0x00002150 [LogPipeServer] (most recent call first):
  File "D:\a\yasb\yasb\src\core\utils\win32\bindings\kernel32.py", line 288 in ConnectNamedPipe
  File "D:\a\yasb\yasb\src\core\utils\cli_server.py", line 138 in _run_server
  File "C:\hostedtoolcache\windows\Python\3.14.4\x64\Lib\threading.py", line 1024 in run
  File "C:\hostedtoolcache\windows\Python\3.14.4\x64\Lib\threading.py", line 1082 in _bootstrap_inner
  File "C:\hostedtoolcache\windows\Python\3.14.4\x64\Lib\threading.py", line 1044 in _bootstrap

Thread 0x00004858 [CLIPipeServer] (most recent call first):
  File "D:\a\yasb\yasb\src\core\utils\win32\bindings\kernel32.py", line 288 in ConnectNamedPipe
  File "D:\a\yasb\yasb\src\core\utils\cli_server.py", line 235 in _run_server
  File "C:\hostedtoolcache\windows\Python\3.14.4\x64\Lib\threading.py", line 1024 in run
  File "C:\hostedtoolcache\windows\Python\3.14.4\x64\Lib\threading.py", line 1082 in _bootstrap_inner
  File "C:\hostedtoolcache\windows\Python\3.14.4\x64\Lib\threading.py", line 1044 in _bootstrap

Current thread 0x00005714 (most recent call first):
  File "D:\a\yasb\yasb\src\core\widgets\services\media\media.py", line 172 in _on_current_session_changed
  File "C:\hostedtoolcache\windows\Python\3.14.4\x64\Lib\asyncio\events.py", line 94 in _run
  File "D:\a\yasb\yasb\venv\Lib\site-packages\qasync\__init__.py", line 307 in timerEvent
  File "D:\a\yasb\yasb\venv\Lib\site-packages\qasync\__init__.py", line 404 in run_forever
  File "D:\a\yasb\yasb\venv\Lib\site-packages\qasync\__init__.py", line 428 in run_until_complete
  File "main.py", line 98 in main
  File "main.py", line 188 in <module>
  File "D:\a\yasb\yasb\venv\Lib\site-packages\freeze_core\initscripts\console.py", line 27 in run
  File "D:\a\yasb\yasb\venv\Lib\site-packages\freeze_core\initscripts\__startup__.py", line 137 in run

Current thread's C stack trace (most recent call first):
  <cannot get C stack on this system>
Windows fatal exception: code 0x8001010e

Thread 0x000058e0 [asyncio_0] (most recent call first):
  File "C:\hostedtoolcache\windows\Python\3.14.4\x64\Lib\threading.py", line 373 in wait
  File "C:\hostedtoolcache\windows\Python\3.14.4\x64\Lib\threading.py", line 670 in wait
  File "C:\hostedtoolcache\windows\Python\3.14.4\x64\Lib\concurrent\futures\thread.py", line 73 in run
  File "C:\hostedtoolcache\windows\Python\3.14.4\x64\Lib\concurrent\futures\thread.py", line 86 in run
  File "C:\hostedtoolcache\windows\Python\3.14.4\x64\Lib\concurrent\futures\thread.py", line 119 in _worker
  File "C:\hostedtoolcache\windows\Python\3.14.4\x64\Lib\threading.py", line 1024 in run
  File "C:\hostedtoolcache\windows\Python\3.14.4\x64\Lib\threading.py", line 1082 in _bootstrap_inner
  File "C:\hostedtoolcache\windows\Python\3.14.4\x64\Lib\threading.py", line 1044 in _bootstrap

Thread 0x000058d8 [Thread-5] (most recent call first):
  File "C:\hostedtoolcache\windows\Python\3.14.4\x64\Lib\threading.py", line 369 in wait
  File "C:\hostedtoolcache\windows\Python\3.14.4\x64\Lib\queue.py", line 199 in get
  File "D:\a\yasb\yasb\venv\Lib\site-packages\watchdog\observers\api.py", line 379 in dispatch_events
  File "D:\a\yasb\yasb\venv\Lib\site-packages\watchdog\observers\api.py", line 213 in run
  File "C:\hostedtoolcache\windows\Python\3.14.4\x64\Lib\threading.py", line 1082 in _bootstrap_inner
  File "C:\hostedtoolcache\windows\Python\3.14.4\x64\Lib\threading.py", line 1044 in _bootstrap

Thread 0x000058d4 [Thread-6] (most recent call first):
  File "D:\a\yasb\yasb\venv\Lib\site-packages\watchdog\observers\winapi.py", line 326 in read_directory_changes
  File "D:\a\yasb\yasb\venv\Lib\site-packages\watchdog\observers\winapi.py", line 380 in read_events
  File "D:\a\yasb\yasb\venv\Lib\site-packages\watchdog\observers\read_directory_changes.py", line 67 in _read_events
  File "D:\a\yasb\yasb\venv\Lib\site-packages\watchdog\observers\read_directory_changes.py", line 70 in queue_events
  File "D:\a\yasb\yasb\venv\Lib\site-packages\watchdog\observers\api.py", line 158 in run
  File "C:\hostedtoolcache\windows\Python\3.14.4\x64\Lib\threading.py", line 1082 in _bootstrap_inner
  File "C:\hostedtoolcache\windows\Python\3.14.4\x64\Lib\threading.py", line 1044 in _bootstrap

Thread 0x000058d0 [WindowsNotificationEventListener] (most recent call first):
  File "C:\hostedtoolcache\windows\Python\3.14.4\x64\Lib\asyncio\windows_events.py", line 775 in _poll
  File "C:\hostedtoolcache\windows\Python\3.14.4\x64\Lib\asyncio\windows_events.py", line 446 in select
  File "C:\hostedtoolcache\windows\Python\3.14.4\x64\Lib\asyncio\base_events.py", line 2019 in _run_once
  File "C:\hostedtoolcache\windows\Python\3.14.4\x64\Lib\asyncio\base_events.py", line 677 in run_forever
  File "C:\hostedtoolcache\windows\Python\3.14.4\x64\Lib\asyncio\base_events.py", line 706 in run_until_complete
  File "D:\a\yasb\yasb\src\core\widgets\services\notifications\windows_notification.py", line 101 in run

Thread 0x00005940 [MemoryWorker] (most recent call first):
  File "D:\a\yasb\yasb\src\core\widgets\services\memory\memory_api.py", line 244 in run

Thread 0x000058c0 [CpuWorker] (most recent call first):
  File "D:\a\yasb\yasb\src\core\widgets\services\cpu\cpu_api.py", line 318 in run

Thread 0x0000266c [SystrayHook] (most recent call first):
  File "D:\a\yasb\yasb\src\core\widgets\services\systray\systray_hook.py", line 247 in run
  File "D:\a\yasb\yasb\src\core\widgets\yasb\systray.py", line 79 in run

Thread 0x000055b8 [_EventWorker] (most recent call first):
  File "D:\a\yasb\yasb\venv\Lib\site-packages\qasync\_windows.py", line 147 in _poll
  File "D:\a\yasb\yasb\venv\Lib\site-packages\qasync\_windows.py", line 72 in select
  File "D:\a\yasb\yasb\venv\Lib\site-packages\qasync\_windows.py", line 199 in run

Thread 0x00002150 [LogPipeServer] (most recent call first):
  File "D:\a\yasb\yasb\src\core\utils\win32\bindings\kernel32.py", line 288 in ConnectNamedPipe
  File "D:\a\yasb\yasb\src\core\utils\cli_server.py", line 138 in _run_server
  File "C:\hostedtoolcache\windows\Python\3.14.4\x64\Lib\threading.py", line 1024 in run
  File "C:\hostedtoolcache\windows\Python\3.14.4\x64\Lib\threading.py", line 1082 in _bootstrap_inner
  File "C:\hostedtoolcache\windows\Python\3.14.4\x64\Lib\threading.py", line 1044 in _bootstrap

Thread 0x00004858 [CLIPipeServer] (most recent call first):
  File "D:\a\yasb\yasb\src\core\utils\win32\bindings\kernel32.py", line 288 in ConnectNamedPipe
  File "D:\a\yasb\yasb\src\core\utils\cli_server.py", line 235 in _run_server
  File "C:\hostedtoolcache\windows\Python\3.14.4\x64\Lib\threading.py", line 1024 in run
  File "C:\hostedtoolcache\windows\Python\3.14.4\x64\Lib\threading.py", line 1082 in _bootstrap_inner
  File "C:\hostedtoolcache\windows\Python\3.14.4\x64\Lib\threading.py", line 1044 in _bootstrap

Current thread 0x00005714 (most recent call first):
  File "D:\a\yasb\yasb\src\core\widgets\services\media\media.py", line 172 in _on_current_session_changed
  File "C:\hostedtoolcache\windows\Python\3.14.4\x64\Lib\asyncio\events.py", line 94 in _run
  File "D:\a\yasb\yasb\venv\Lib\site-packages\qasync\__init__.py", line 307 in timerEvent
  File "D:\a\yasb\yasb\venv\Lib\site-packages\qasync\__init__.py", line 404 in run_forever
  File "D:\a\yasb\yasb\venv\Lib\site-packages\qasync\__init__.py", line 428 in run_until_complete
  File "main.py", line 98 in main
  File "main.py", line 188 in <module>
  File "D:\a\yasb\yasb\venv\Lib\site-packages\freeze_core\initscripts\console.py", line 27 in run
  File "D:\a\yasb\yasb\venv\Lib\site-packages\freeze_core\initscripts\__startup__.py", line 137 in run

Current thread's C stack trace (most recent call first):
  <cannot get C stack on this system>
Windows fatal exception: code 0x8001010e

Thread 0x000058e0 [asyncio_0] (most recent call first):
  File "C:\hostedtoolcache\windows\Python\3.14.4\x64\Lib\threading.py", line 373 in wait
  File "C:\hostedtoolcache\windows\Python\3.14.4\x64\Lib\threading.py", line 670 in wait
  File "C:\hostedtoolcache\windows\Python\3.14.4\x64\Lib\concurrent\futures\thread.py", line 73 in run
  File "C:\hostedtoolcache\windows\Python\3.14.4\x64\Lib\concurrent\futures\thread.py", line 86 in run
  File "C:\hostedtoolcache\windows\Python\3.14.4\x64\Lib\concurrent\futures\thread.py", line 119 in _worker
  File "C:\hostedtoolcache\windows\Python\3.14.4\x64\Lib\threading.py", line 1024 in run
  File "C:\hostedtoolcache\windows\Python\3.14.4\x64\Lib\threading.py", line 1082 in _bootstrap_inner
  File "C:\hostedtoolcache\windows\Python\3.14.4\x64\Lib\threading.py", line 1044 in _bootstrap

Thread 0x000058d8 [Thread-5] (most recent call first):
  File "C:\hostedtoolcache\windows\Python\3.14.4\x64\Lib\threading.py", line 369 in wait
  File "C:\hostedtoolcache\windows\Python\3.14.4\x64\Lib\queue.py", line 199 in get
  File "D:\a\yasb\yasb\venv\Lib\site-packages\watchdog\observers\api.py", line 379 in dispatch_events
  File "D:\a\yasb\yasb\venv\Lib\site-packages\watchdog\observers\api.py", line 213 in run
  File "C:\hostedtoolcache\windows\Python\3.14.4\x64\Lib\threading.py", line 1082 in _bootstrap_inner
  File "C:\hostedtoolcache\windows\Python\3.14.4\x64\Lib\threading.py", line 1044 in _bootstrap

Thread 0x000058d4 [Thread-6] (most recent call first):
  File "D:\a\yasb\yasb\venv\Lib\site-packages\watchdog\observers\winapi.py", line 326 in read_directory_changes
  File "D:\a\yasb\yasb\venv\Lib\site-packages\watchdog\observers\winapi.py", line 380 in read_events
  File "D:\a\yasb\yasb\venv\Lib\site-packages\watchdog\observers\read_directory_changes.py", line 67 in _read_events
  File "D:\a\yasb\yasb\venv\Lib\site-packages\watchdog\observers\read_directory_changes.py", line 70 in queue_events
  File "D:\a\yasb\yasb\venv\Lib\site-packages\watchdog\observers\api.py", line 158 in run
  File "C:\hostedtoolcache\windows\Python\3.14.4\x64\Lib\threading.py", line 1082 in _bootstrap_inner
  File "C:\hostedtoolcache\windows\Python\3.14.4\x64\Lib\threading.py", line 1044 in _bootstrap

Thread 0x000058d0 [WindowsNotificationEventListener] (most recent call first):
  File "C:\hostedtoolcache\windows\Python\3.14.4\x64\Lib\asyncio\windows_events.py", line 775 in _poll
  File "C:\hostedtoolcache\windows\Python\3.14.4\x64\Lib\asyncio\windows_events.py", line 446 in select
  File "C:\hostedtoolcache\windows\Python\3.14.4\x64\Lib\asyncio\base_events.py", line 2019 in _run_once
  File "C:\hostedtoolcache\windows\Python\3.14.4\x64\Lib\asyncio\base_events.py", line 677 in run_forever
  File "C:\hostedtoolcache\windows\Python\3.14.4\x64\Lib\asyncio\base_events.py", line 706 in run_until_complete
  File "D:\a\yasb\yasb\src\core\widgets\services\notifications\windows_notification.py", line 101 in run

Thread 0x00005940 [MemoryWorker] (most recent call first):
  File "D:\a\yasb\yasb\src\core\widgets\services\memory\memory_api.py", line 244 in run

Thread 0x000058c0 [CpuWorker] (most recent call first):
  File "D:\a\yasb\yasb\src\core\widgets\services\cpu\cpu_api.py", line 318 in run

Thread 0x0000266c [SystrayHook] (most recent call first):
  File "D:\a\yasb\yasb\src\core\widgets\services\systray\systray_hook.py", line 247 in run
  File "D:\a\yasb\yasb\src\core\widgets\yasb\systray.py", line 79 in run

Thread 0x000055b8 [_EventWorker] (most recent call first):
  File "D:\a\yasb\yasb\venv\Lib\site-packages\qasync\_windows.py", line 147 in _poll
  File "D:\a\yasb\yasb\venv\Lib\site-packages\qasync\_windows.py", line 72 in select
  File "D:\a\yasb\yasb\venv\Lib\site-packages\qasync\_windows.py", line 199 in run

Thread 0x00002150 [LogPipeServer] (most recent call first):
  File "D:\a\yasb\yasb\src\core\utils\win32\bindings\kernel32.py", line 288 in ConnectNamedPipe
  File "D:\a\yasb\yasb\src\core\utils\cli_server.py", line 138 in _run_server
  File "C:\hostedtoolcache\windows\Python\3.14.4\x64\Lib\threading.py", line 1024 in run
  File "C:\hostedtoolcache\windows\Python\3.14.4\x64\Lib\threading.py", line 1082 in _bootstrap_inner
  File "C:\hostedtoolcache\windows\Python\3.14.4\x64\Lib\threading.py", line 1044 in _bootstrap

Thread 0x00004858 [CLIPipeServer] (most recent call first):
  File "D:\a\yasb\yasb\src\core\utils\win32\bindings\kernel32.py", line 288 in ConnectNamedPipe
  File "D:\a\yasb\yasb\src\core\utils\cli_server.py", line 235 in _run_server
  File "C:\hostedtoolcache\windows\Python\3.14.4\x64\Lib\threading.py", line 1024 in run
  File "C:\hostedtoolcache\windows\Python\3.14.4\x64\Lib\threading.py", line 1082 in _bootstrap_inner
  File "C:\hostedtoolcache\windows\Python\3.14.4\x64\Lib\threading.py", line 1044 in _bootstrap

Current thread 0x00005714 (most recent call first):
  File "D:\a\yasb\yasb\src\core\widgets\services\media\media.py", line 172 in _on_current_session_changed
  File "C:\hostedtoolcache\windows\Python\3.14.4\x64\Lib\asyncio\events.py", line 94 in _run
  File "D:\a\yasb\yasb\venv\Lib\site-packages\qasync\__init__.py", line 307 in timerEvent
  File "D:\a\yasb\yasb\venv\Lib\site-packages\qasync\__init__.py", line 404 in run_forever
  File "D:\a\yasb\yasb\venv\Lib\site-packages\qasync\__init__.py", line 428 in run_until_complete
  File "main.py", line 98 in main
  File "main.py", line 188 in <module>
  File "D:\a\yasb\yasb\venv\Lib\site-packages\freeze_core\initscripts\console.py", line 27 in run
  File "D:\a\yasb\yasb\venv\Lib\site-packages\freeze_core\initscripts\__startup__.py", line 137 in run

Current thread's C stack trace (most recent call first):
  <cannot get C stack on this system>
2026-06-30 17:00:42,777 [WARNING] [MainThread] [glazewm_client/client.py:134]: WebSocket error: SocketError.RemoteHostClosedError. Reconnecting...
2026-06-30 17:00:42,779 [INFO] [MainThread] [root/bar_manager.py:118]: Stopping WindowsNotificationEventListener...
2026-07-01 07:00:04,861 [INFO] [MainThread] [root/log.py:104]: YASB v2.0.2
2026-07-01 07:00:04,863 [INFO] [CLIPipeServer] [cli_server/cli_server.py:216]: CLI server started v1.1.7
2026-07-01 07:00:04,863 [INFO] [MainThread] [cli_server/cli_server.py:106]: Log pipe server started
2026-07-01 07:00:05,888 [INFO] [SystrayHook] [systray_hook/systray_hook.py:193]: Injecting into Explorer (PID: 7488)
2026-07-01 07:00:05,909 [INFO] [MainThread] [root/service.py:52]: AudioOutputService starting...
2026-07-01 07:00:06,018 [INFO] [MainThread] [root/bar_manager.py:102]: Starting WindowsNotificationEventListener...
2026-07-01 07:00:06,019 [INFO] [MainThread] [root/watcher.py:65]: Watching directory: c:\users\lyncon.baez\.config\yasb
2026-07-01 07:00:06,020 [INFO] [MainThread] [root/watcher.py:104]: Created file watcher
2026-07-01 17:02:31,778 [INFO] [MainThread] [root/bar_manager.py:118]: Stopping WindowsNotificationEventListener...
2026-07-02 07:03:48,071 [INFO] [MainThread] [root/log.py:104]: YASB v2.0.2
2026-07-02 07:03:48,073 [INFO] [CLIPipeServer] [cli_server/cli_server.py:216]: CLI server started v1.1.7
2026-07-02 07:03:48,073 [INFO] [MainThread] [cli_server/cli_server.py:106]: Log pipe server started
2026-07-02 07:03:49,153 [INFO] [SystrayHook] [systray_hook/systray_hook.py:193]: Injecting into Explorer (PID: 12340)
2026-07-02 07:03:49,172 [INFO] [MainThread] [root/service.py:52]: AudioOutputService starting...
2026-07-02 07:03:49,283 [INFO] [MainThread] [root/bar_manager.py:102]: Starting WindowsNotificationEventListener...
2026-07-02 07:03:49,284 [INFO] [MainThread] [root/watcher.py:65]: Watching directory: c:\users\lyncon.baez\.config\yasb
2026-07-02 07:03:49,285 [INFO] [MainThread] [root/watcher.py:104]: Created file watcher
2026-07-02 14:55:08,099 [WARNING] [MainThread] [glazewm_client/client.py:134]: WebSocket error: SocketError.RemoteHostClosedError. Reconnecting...
2026-07-02 16:57:41,449 [INFO] [MainThread] [root/bar_manager.py:118]: Stopping WindowsNotificationEventListener...
2026-07-03 07:06:13,983 [INFO] [MainThread] [root/log.py:104]: YASB v2.0.2
2026-07-03 07:06:13,985 [INFO] [CLIPipeServer] [cli_server/cli_server.py:216]: CLI server started v1.1.7
2026-07-03 07:06:13,985 [INFO] [MainThread] [cli_server/cli_server.py:106]: Log pipe server started
2026-07-03 07:06:15,014 [INFO] [SystrayHook] [systray_hook/systray_hook.py:193]: Injecting into Explorer (PID: 12616)
2026-07-03 07:06:15,032 [INFO] [MainThread] [root/service.py:52]: AudioOutputService starting...
2026-07-03 07:06:15,148 [INFO] [MainThread] [root/bar_manager.py:102]: Starting WindowsNotificationEventListener...
2026-07-03 07:06:15,149 [INFO] [MainThread] [root/watcher.py:65]: Watching directory: c:\users\lyncon.baez\.config\yasb
2026-07-03 07:06:15,149 [INFO] [MainThread] [root/watcher.py:104]: Created file watcher
2026-07-03 11:16:36,359 [ERROR] [MainThread] [open_meteo/api.py:111]: Open-Meteo response error None: RemoteHostClosedError 2
2026-07-03 11:16:36,359 [WARNING] [MainThread] [root/open_meteo.py:888]: Error processing Open-Meteo data: Weather data is empty.
2026-07-03 11:17:07,659 [ERROR] [MainThread] [open_meteo/api.py:111]: Open-Meteo response error None: RemoteHostClosedError 2
2026-07-03 11:17:07,660 [WARNING] [MainThread] [root/open_meteo.py:888]: Error processing Open-Meteo data: Weather data is empty.
2026-07-03 11:17:38,813 [ERROR] [MainThread] [open_meteo/api.py:111]: Open-Meteo response error None: RemoteHostClosedError 2
2026-07-03 11:17:38,813 [WARNING] [MainThread] [root/open_meteo.py:888]: Error processing Open-Meteo data: Weather data is empty.
2026-07-03 11:18:09,824 [ERROR] [MainThread] [open_meteo/api.py:111]: Open-Meteo response error None: RemoteHostClosedError 2
2026-07-03 11:18:09,824 [WARNING] [MainThread] [root/open_meteo.py:888]: Error processing Open-Meteo data: Weather data is empty.
2026-07-03 11:18:41,153 [ERROR] [MainThread] [open_meteo/api.py:111]: Open-Meteo response error None: RemoteHostClosedError 2
2026-07-03 11:18:41,154 [WARNING] [MainThread] [root/open_meteo.py:888]: Error processing Open-Meteo data: Weather data is empty.
2026-07-03 11:19:12,551 [ERROR] [MainThread] [open_meteo/api.py:111]: Open-Meteo response error None: RemoteHostClosedError 2
2026-07-03 11:19:12,551 [WARNING] [MainThread] [root/open_meteo.py:888]: Error processing Open-Meteo data: Weather data is empty.
2026-07-03 11:19:43,544 [ERROR] [MainThread] [open_meteo/api.py:111]: Open-Meteo response error None: RemoteHostClosedError 2
2026-07-03 11:19:43,544 [WARNING] [MainThread] [root/open_meteo.py:888]: Error processing Open-Meteo data: Weather data is empty.
2026-07-03 11:20:14,867 [ERROR] [MainThread] [open_meteo/api.py:111]: Open-Meteo response error None: RemoteHostClosedError 2
2026-07-03 11:20:14,868 [WARNING] [MainThread] [root/open_meteo.py:888]: Error processing Open-Meteo data: Weather data is empty.
2026-07-03 11:20:45,975 [ERROR] [MainThread] [open_meteo/api.py:111]: Open-Meteo response error None: RemoteHostClosedError 2
2026-07-03 11:20:45,976 [WARNING] [MainThread] [root/open_meteo.py:888]: Error processing Open-Meteo data: Weather data is empty.
2026-07-03 11:21:16,994 [ERROR] [MainThread] [open_meteo/api.py:111]: Open-Meteo response error None: RemoteHostClosedError 2
2026-07-03 11:21:16,994 [WARNING] [MainThread] [root/open_meteo.py:888]: Error processing Open-Meteo data: Weather data is empty.
2026-07-03 11:21:48,172 [ERROR] [MainThread] [open_meteo/api.py:111]: Open-Meteo response error None: RemoteHostClosedError 2
2026-07-03 11:21:48,172 [WARNING] [MainThread] [root/open_meteo.py:888]: Error processing Open-Meteo data: Weather data is empty.
2026-07-03 11:22:19,473 [ERROR] [MainThread] [open_meteo/api.py:111]: Open-Meteo response error None: RemoteHostClosedError 2
2026-07-03 11:22:19,473 [WARNING] [MainThread] [root/open_meteo.py:888]: Error processing Open-Meteo data: Weather data is empty.
2026-07-03 11:22:50,815 [ERROR] [MainThread] [open_meteo/api.py:111]: Open-Meteo response error None: RemoteHostClosedError 2
2026-07-03 11:22:50,816 [WARNING] [MainThread] [root/open_meteo.py:888]: Error processing Open-Meteo data: Weather data is empty.
2026-07-03 11:23:21,829 [ERROR] [MainThread] [open_meteo/api.py:111]: Open-Meteo response error None: RemoteHostClosedError 2
2026-07-03 11:23:21,829 [WARNING] [MainThread] [root/open_meteo.py:888]: Error processing Open-Meteo data: Weather data is empty.
2026-07-03 11:23:53,136 [ERROR] [MainThread] [open_meteo/api.py:111]: Open-Meteo response error None: RemoteHostClosedError 2
2026-07-03 11:23:53,136 [WARNING] [MainThread] [root/open_meteo.py:888]: Error processing Open-Meteo data: Weather data is empty.
2026-07-03 11:24:24,275 [ERROR] [MainThread] [open_meteo/api.py:111]: Open-Meteo response error None: RemoteHostClosedError 2
2026-07-03 11:24:24,275 [WARNING] [MainThread] [root/open_meteo.py:888]: Error processing Open-Meteo data: Weather data is empty.
2026-07-03 11:24:55,411 [ERROR] [MainThread] [open_meteo/api.py:111]: Open-Meteo response error None: RemoteHostClosedError 2
2026-07-03 11:24:55,411 [WARNING] [MainThread] [root/open_meteo.py:888]: Error processing Open-Meteo data: Weather data is empty.
2026-07-03 11:25:26,554 [ERROR] [MainThread] [open_meteo/api.py:111]: Open-Meteo response error None: RemoteHostClosedError 2
2026-07-03 11:25:26,554 [WARNING] [MainThread] [root/open_meteo.py:888]: Error processing Open-Meteo data: Weather data is empty.
2026-07-03 11:25:57,916 [ERROR] [MainThread] [open_meteo/api.py:111]: Open-Meteo response error None: RemoteHostClosedError 2
2026-07-03 11:25:57,916 [WARNING] [MainThread] [root/open_meteo.py:888]: Error processing Open-Meteo data: Weather data is empty.
2026-07-03 11:26:29,050 [ERROR] [MainThread] [open_meteo/api.py:111]: Open-Meteo response error None: RemoteHostClosedError 2
2026-07-03 11:26:29,050 [WARNING] [MainThread] [root/open_meteo.py:888]: Error processing Open-Meteo data: Weather data is empty.
2026-07-03 11:26:29,051 [ERROR] [MainThread] [open_meteo/api.py:111]: Open-Meteo response error None: RemoteHostClosedError 2
2026-07-03 11:26:29,051 [WARNING] [MainThread] [root/open_meteo.py:888]: Error processing Open-Meteo data: Weather data is empty.
2026-07-03 11:27:00,423 [ERROR] [MainThread] [open_meteo/api.py:111]: Open-Meteo response error None: RemoteHostClosedError 2
2026-07-03 11:27:00,423 [WARNING] [MainThread] [root/open_meteo.py:888]: Error processing Open-Meteo data: Weather data is empty.
2026-07-03 11:27:52,432 [ERROR] [MainThread] [open_meteo/api.py:111]: Open-Meteo response error None: UnknownNetworkError 99
2026-07-03 11:27:52,432 [WARNING] [MainThread] [root/open_meteo.py:888]: Error processing Open-Meteo data: Weather data is empty.
2026-07-03 12:23:01,114 [ERROR] [SystrayHook] [root/app_icons.py:282]: GetIconInfo failed: 0
Windows fatal exception: code 0x8001010e

Thread 0x00005564 [asyncio_0] (most recent call first):
  File "C:\hostedtoolcache\windows\Python\3.14.4\x64\Lib\threading.py", line 373 in wait
  File "C:\hostedtoolcache\windows\Python\3.14.4\x64\Lib\threading.py", line 670 in wait
  File "C:\hostedtoolcache\windows\Python\3.14.4\x64\Lib\concurrent\futures\thread.py", line 73 in run
  File "C:\hostedtoolcache\windows\Python\3.14.4\x64\Lib\concurrent\futures\thread.py", line 86 in run
  File "C:\hostedtoolcache\windows\Python\3.14.4\x64\Lib\concurrent\futures\thread.py", line 119 in _worker
  File "C:\hostedtoolcache\windows\Python\3.14.4\x64\Lib\threading.py", line 1024 in run
  File "C:\hostedtoolcache\windows\Python\3.14.4\x64\Lib\threading.py", line 1082 in _bootstrap_inner
  File "C:\hostedtoolcache\windows\Python\3.14.4\x64\Lib\threading.py", line 1044 in _bootstrap

Thread 0x00005470 [Thread-5] (most recent call first):
  File "C:\hostedtoolcache\windows\Python\3.14.4\x64\Lib\threading.py", line 369 in wait
  File "C:\hostedtoolcache\windows\Python\3.14.4\x64\Lib\queue.py", line 199 in get
  File "D:\a\yasb\yasb\venv\Lib\site-packages\watchdog\observers\api.py", line 379 in dispatch_events
  File "D:\a\yasb\yasb\venv\Lib\site-packages\watchdog\observers\api.py", line 213 in run
  File "C:\hostedtoolcache\windows\Python\3.14.4\x64\Lib\threading.py", line 1082 in _bootstrap_inner
  File "C:\hostedtoolcache\windows\Python\3.14.4\x64\Lib\threading.py", line 1044 in _bootstrap

Thread 0x00005518 [Thread-6] (most recent call first):
  File "D:\a\yasb\yasb\venv\Lib\site-packages\watchdog\observers\winapi.py", line 326 in read_directory_changes
  File "D:\a\yasb\yasb\venv\Lib\site-packages\watchdog\observers\winapi.py", line 380 in read_events
  File "D:\a\yasb\yasb\venv\Lib\site-packages\watchdog\observers\read_directory_changes.py", line 67 in _read_events
  File "D:\a\yasb\yasb\venv\Lib\site-packages\watchdog\observers\read_directory_changes.py", line 70 in queue_events
  File "D:\a\yasb\yasb\venv\Lib\site-packages\watchdog\observers\api.py", line 158 in run
  File "C:\hostedtoolcache\windows\Python\3.14.4\x64\Lib\threading.py", line 1082 in _bootstrap_inner
  File "C:\hostedtoolcache\windows\Python\3.14.4\x64\Lib\threading.py", line 1044 in _bootstrap

Thread 0x00005510 [WindowsNotificationEventListener] (most recent call first):
  File "C:\hostedtoolcache\windows\Python\3.14.4\x64\Lib\asyncio\windows_events.py", line 775 in _poll
  File "C:\hostedtoolcache\windows\Python\3.14.4\x64\Lib\asyncio\windows_events.py", line 446 in select
  File "C:\hostedtoolcache\windows\Python\3.14.4\x64\Lib\asyncio\base_events.py", line 2019 in _run_once
  File "C:\hostedtoolcache\windows\Python\3.14.4\x64\Lib\asyncio\base_events.py", line 677 in run_forever
  File "C:\hostedtoolcache\windows\Python\3.14.4\x64\Lib\asyncio\base_events.py", line 706 in run_until_complete
  File "D:\a\yasb\yasb\src\core\widgets\services\notifications\windows_notification.py", line 101 in run

Thread 0x0000546c [MemoryWorker] (most recent call first):
  File "D:\a\yasb\yasb\src\core\widgets\services\memory\memory_api.py", line 244 in run

Thread 0x00005458 [CpuWorker] (most recent call first):
  File "D:\a\yasb\yasb\src\core\widgets\services\cpu\cpu_api.py", line 318 in run

Thread 0x00005450 [SystrayHook] (most recent call first):
  File "D:\a\yasb\yasb\src\core\widgets\services\systray\systray_hook.py", line 247 in run
  File "D:\a\yasb\yasb\src\core\widgets\yasb\systray.py", line 79 in run

Thread 0x00005418 [_EventWorker] (most recent call first):
  File "D:\a\yasb\yasb\venv\Lib\site-packages\qasync\_windows.py", line 147 in _poll
  File "D:\a\yasb\yasb\venv\Lib\site-packages\qasync\_windows.py", line 72 in select
  File "D:\a\yasb\yasb\venv\Lib\site-packages\qasync\_windows.py", line 199 in run

Thread 0x00002df8 [LogPipeServer] (most recent call first):
  File "D:\a\yasb\yasb\src\core\utils\win32\bindings\kernel32.py", line 288 in ConnectNamedPipe
  File "D:\a\yasb\yasb\src\core\utils\cli_server.py", line 138 in _run_server
  File "C:\hostedtoolcache\windows\Python\3.14.4\x64\Lib\threading.py", line 1024 in run
  File "C:\hostedtoolcache\windows\Python\3.14.4\x64\Lib\threading.py", line 1082 in _bootstrap_inner
  File "C:\hostedtoolcache\windows\Python\3.14.4\x64\Lib\threading.py", line 1044 in _bootstrap

Thread 0x00003294 [CLIPipeServer] (most recent call first):
  File "D:\a\yasb\yasb\src\core\utils\win32\bindings\kernel32.py", line 288 in ConnectNamedPipe
  File "D:\a\yasb\yasb\src\core\utils\cli_server.py", line 235 in _run_server
  File "C:\hostedtoolcache\windows\Python\3.14.4\x64\Lib\threading.py", line 1024 in run
  File "C:\hostedtoolcache\windows\Python\3.14.4\x64\Lib\threading.py", line 1082 in _bootstrap_inner
  File "C:\hostedtoolcache\windows\Python\3.14.4\x64\Lib\threading.py", line 1044 in _bootstrap

Current thread 0x000050e0 (most recent call first):
  File "C:\hostedtoolcache\windows\Python\3.14.4\x64\Lib\asyncio\events.py", line 94 in _run
  File "D:\a\yasb\yasb\venv\Lib\site-packages\qasync\__init__.py", line 307 in timerEvent
  File "D:\a\yasb\yasb\venv\Lib\site-packages\qasync\__init__.py", line 404 in run_forever
  File "D:\a\yasb\yasb\venv\Lib\site-packages\qasync\__init__.py", line 428 in run_until_complete
  File "main.py", line 98 in main
  File "main.py", line 188 in <module>
  File "D:\a\yasb\yasb\venv\Lib\site-packages\freeze_core\initscripts\console.py", line 27 in run
  File "D:\a\yasb\yasb\venv\Lib\site-packages\freeze_core\initscripts\__startup__.py", line 137 in run

Current thread's C stack trace (most recent call first):
  <cannot get C stack on this system>
2026-07-03 16:13:17,104 [INFO] [MainThread] [root/bar_manager.py:118]: Stopping WindowsNotificationEventListener...
2026-07-06 06:48:21,457 [INFO] [MainThread] [root/log.py:104]: YASB v2.0.2
2026-07-06 06:48:21,458 [INFO] [CLIPipeServer] [cli_server/cli_server.py:216]: CLI server started v1.1.7
2026-07-06 06:48:21,459 [INFO] [MainThread] [cli_server/cli_server.py:106]: Log pipe server started
2026-07-06 06:48:22,514 [INFO] [SystrayHook] [systray_hook/systray_hook.py:193]: Injecting into Explorer (PID: 13084)
2026-07-06 06:48:22,533 [INFO] [MainThread] [root/service.py:52]: AudioOutputService starting...
2026-07-06 06:48:22,645 [INFO] [MainThread] [root/bar_manager.py:102]: Starting WindowsNotificationEventListener...
2026-07-06 06:48:22,646 [INFO] [MainThread] [root/watcher.py:65]: Watching directory: c:\users\lyncon.baez\.config\yasb
2026-07-06 06:48:22,646 [INFO] [MainThread] [root/watcher.py:104]: Created file watcher
2026-07-06 12:02:04,794 [ERROR] [SystrayHook] [root/app_icons.py:282]: GetIconInfo failed: 0
2026-07-06 16:35:07,598 [INFO] [MainThread] [root/bar_manager.py:118]: Stopping WindowsNotificationEventListener...
2026-07-07 07:05:03,840 [INFO] [MainThread] [root/log.py:104]: YASB v2.0.2
2026-07-07 07:05:03,842 [INFO] [CLIPipeServer] [cli_server/cli_server.py:216]: CLI server started v1.1.7
2026-07-07 07:05:03,842 [INFO] [MainThread] [cli_server/cli_server.py:106]: Log pipe server started
2026-07-07 07:05:05,221 [INFO] [SystrayHook] [systray_hook/systray_hook.py:193]: Injecting into Explorer (PID: 13036)
2026-07-07 07:05:05,234 [INFO] [MainThread] [root/service.py:52]: AudioOutputService starting...
2026-07-07 07:05:05,348 [INFO] [MainThread] [root/bar_manager.py:102]: Starting WindowsNotificationEventListener...
2026-07-07 07:05:05,349 [INFO] [MainThread] [root/watcher.py:65]: Watching directory: c:\users\lyncon.baez\.config\yasb
2026-07-07 07:05:05,349 [INFO] [MainThread] [root/watcher.py:104]: Created file watcher
2026-07-07 17:04:22,350 [WARNING] [MainThread] [glazewm_client/client.py:134]: WebSocket error: SocketError.RemoteHostClosedError. Reconnecting...
2026-07-07 17:04:22,373 [INFO] [MainThread] [root/bar_manager.py:118]: Stopping WindowsNotificationEventListener...
2026-07-08 07:13:56,112 [INFO] [MainThread] [root/log.py:104]: YASB v2.0.2
2026-07-08 07:13:56,114 [INFO] [CLIPipeServer] [cli_server/cli_server.py:216]: CLI server started v1.1.7
2026-07-08 07:13:56,114 [INFO] [MainThread] [cli_server/cli_server.py:106]: Log pipe server started
2026-07-08 07:13:57,194 [INFO] [SystrayHook] [systray_hook/systray_hook.py:193]: Injecting into Explorer (PID: 12608)
2026-07-08 07:13:57,218 [INFO] [MainThread] [root/service.py:52]: AudioOutputService starting...
2026-07-08 07:13:57,343 [INFO] [MainThread] [root/bar_manager.py:102]: Starting WindowsNotificationEventListener...
2026-07-08 07:13:57,344 [INFO] [MainThread] [root/watcher.py:65]: Watching directory: c:\users\lyncon.baez\.config\yasb
2026-07-08 07:13:57,344 [INFO] [MainThread] [root/watcher.py:104]: Created file watcher
2026-07-08 17:10:51,481 [WARNING] [MainThread] [glazewm_client/client.py:134]: WebSocket error: SocketError.RemoteHostClosedError. Reconnecting...
2026-07-08 17:10:51,487 [INFO] [MainThread] [root/bar_manager.py:118]: Stopping WindowsNotificationEventListener...
2026-07-09 06:51:43,577 [INFO] [MainThread] [root/log.py:104]: YASB v2.0.2
2026-07-09 06:51:43,578 [INFO] [CLIPipeServer] [cli_server/cli_server.py:216]: CLI server started v1.1.7
2026-07-09 06:51:43,579 [INFO] [MainThread] [cli_server/cli_server.py:106]: Log pipe server started
2026-07-09 06:51:44,709 [INFO] [SystrayHook] [systray_hook/systray_hook.py:193]: Injecting into Explorer (PID: 13148)
2026-07-09 06:51:44,727 [INFO] [MainThread] [root/service.py:52]: AudioOutputService starting...
2026-07-09 06:51:44,848 [INFO] [MainThread] [root/bar_manager.py:102]: Starting WindowsNotificationEventListener...
2026-07-09 06:51:44,849 [INFO] [MainThread] [root/watcher.py:65]: Watching directory: c:\users\lyncon.baez\.config\yasb
2026-07-09 06:51:44,849 [INFO] [MainThread] [root/watcher.py:104]: Created file watcher
2026-07-09 11:58:00,394 [ERROR] [SystrayHook] [root/app_icons.py:282]: GetIconInfo failed: 0
2026-07-09 17:03:16,813 [WARNING] [MainThread] [glazewm_client/client.py:134]: WebSocket error: SocketError.RemoteHostClosedError. Reconnecting...
2026-07-09 17:03:16,816 [INFO] [MainThread] [root/bar_manager.py:118]: Stopping WindowsNotificationEventListener...
2026-07-10 07:29:47,115 [INFO] [MainThread] [root/log.py:104]: YASB v2.0.2
2026-07-10 07:29:47,117 [INFO] [CLIPipeServer] [cli_server/cli_server.py:216]: CLI server started v1.1.7
2026-07-10 07:29:47,117 [INFO] [MainThread] [cli_server/cli_server.py:106]: Log pipe server started
2026-07-10 07:29:48,202 [INFO] [SystrayHook] [systray_hook/systray_hook.py:193]: Injecting into Explorer (PID: 12520)
2026-07-10 07:29:48,221 [INFO] [MainThread] [root/service.py:52]: AudioOutputService starting...
2026-07-10 07:29:48,331 [INFO] [MainThread] [root/bar_manager.py:102]: Starting WindowsNotificationEventListener...
2026-07-10 07:29:48,332 [INFO] [MainThread] [root/watcher.py:65]: Watching directory: c:\users\lyncon.baez\.config\yasb
2026-07-10 07:29:48,332 [INFO] [MainThread] [root/watcher.py:104]: Created file watcher
2026-07-10 15:05:01,100 [INFO] [MainThread] [root/bar_manager.py:118]: Stopping WindowsNotificationEventListener...
2026-07-10 15:06:39,509 [INFO] [MainThread] [root/log.py:104]: YASB v2.0.2
2026-07-10 15:06:39,511 [INFO] [CLIPipeServer] [cli_server/cli_server.py:216]: CLI server started v1.1.7
2026-07-10 15:06:39,511 [INFO] [MainThread] [cli_server/cli_server.py:106]: Log pipe server started
2026-07-10 15:06:40,531 [INFO] [SystrayHook] [systray_hook/systray_hook.py:193]: Injecting into Explorer (PID: 13372)
2026-07-10 15:06:40,550 [INFO] [MainThread] [root/service.py:52]: AudioOutputService starting...
2026-07-10 15:06:40,682 [INFO] [MainThread] [root/bar_manager.py:102]: Starting WindowsNotificationEventListener...
2026-07-10 15:06:40,684 [INFO] [MainThread] [root/watcher.py:65]: Watching directory: c:\users\lyncon.baez\.config\yasb
2026-07-10 15:06:40,684 [INFO] [MainThread] [root/watcher.py:104]: Created file watcher
2026-07-10 15:07:40,604 [ERROR] [SystrayHook] [root/app_icons.py:282]: GetIconInfo failed: 0
2026-07-10 15:07:40,607 [ERROR] [SystrayHook] [root/app_icons.py:282]: GetIconInfo failed: 0
2026-07-10 15:11:41,401 [WARNING] [MainThread] [glazewm_client/client.py:134]: WebSocket error: SocketError.RemoteHostClosedError. Reconnecting...
2026-07-10 15:12:51,899 [ERROR] [SystrayHook] [root/app_icons.py:282]: GetIconInfo failed: 0
2026-07-10 15:12:51,902 [ERROR] [SystrayHook] [root/app_icons.py:282]: GetIconInfo failed: 0
2026-07-10 15:13:06,413 [ERROR] [SystrayHook] [root/app_icons.py:282]: GetIconInfo failed: 0
2026-07-10 15:13:06,415 [ERROR] [SystrayHook] [root/app_icons.py:282]: GetIconInfo failed: 0
2026-07-10 15:13:31,606 [ERROR] [SystrayHook] [root/app_icons.py:282]: GetIconInfo failed: 0
2026-07-10 15:13:31,608 [ERROR] [SystrayHook] [root/app_icons.py:282]: GetIconInfo failed: 0
2026-07-10 15:13:47,142 [ERROR] [SystrayHook] [root/app_icons.py:282]: GetIconInfo failed: 0
2026-07-10 15:13:47,145 [ERROR] [SystrayHook] [root/app_icons.py:282]: GetIconInfo failed: 0
2026-07-10 15:13:58,542 [ERROR] [SystrayHook] [root/app_icons.py:282]: GetIconInfo failed: 0
2026-07-10 15:13:58,544 [ERROR] [SystrayHook] [root/app_icons.py:282]: GetIconInfo failed: 0
2026-07-10 15:14:32,399 [ERROR] [SystrayHook] [root/app_icons.py:282]: GetIconInfo failed: 0
2026-07-10 15:14:32,401 [ERROR] [SystrayHook] [root/app_icons.py:282]: GetIconInfo failed: 0
2026-07-10 16:27:37,259 [WARNING] [MainThread] [glazewm_client/client.py:134]: WebSocket error: SocketError.RemoteHostClosedError. Reconnecting...
2026-07-10 16:27:37,261 [INFO] [MainThread] [root/bar_manager.py:118]: Stopping WindowsNotificationEventListener...
2026-07-13 06:57:24,003 [INFO] [MainThread] [root/log.py:104]: YASB v2.0.2
2026-07-13 06:57:24,005 [INFO] [CLIPipeServer] [cli_server/cli_server.py:216]: CLI server started v1.1.7
2026-07-13 06:57:24,005 [INFO] [MainThread] [cli_server/cli_server.py:106]: Log pipe server started
2026-07-13 06:57:25,370 [INFO] [SystrayHook] [systray_hook/systray_hook.py:193]: Injecting into Explorer (PID: 13632)
2026-07-13 06:57:25,394 [INFO] [MainThread] [root/service.py:52]: AudioOutputService starting...
2026-07-13 06:57:25,535 [INFO] [MainThread] [root/bar_manager.py:102]: Starting WindowsNotificationEventListener...
2026-07-13 06:57:25,537 [INFO] [MainThread] [root/watcher.py:65]: Watching directory: c:\users\lyncon.baez\.config\yasb
2026-07-13 06:57:25,537 [INFO] [MainThread] [root/watcher.py:104]: Created file watcher
2026-07-13 17:05:20,863 [INFO] [MainThread] [root/bar_manager.py:118]: Stopping WindowsNotificationEventListener...
2026-07-15 07:08:19,511 [INFO] [MainThread] [root/log.py:104]: YASB v2.0.2
2026-07-15 07:08:19,512 [INFO] [CLIPipeServer] [cli_server/cli_server.py:216]: CLI server started v1.1.7
2026-07-15 07:08:19,513 [INFO] [MainThread] [cli_server/cli_server.py:106]: Log pipe server started
2026-07-15 07:08:20,796 [INFO] [SystrayHook] [systray_hook/systray_hook.py:193]: Injecting into Explorer (PID: 14184)
2026-07-15 07:08:20,796 [INFO] [MainThread] [root/service.py:52]: AudioOutputService starting...
2026-07-15 07:08:20,940 [INFO] [MainThread] [root/bar_manager.py:102]: Starting WindowsNotificationEventListener...
2026-07-15 07:08:20,941 [INFO] [MainThread] [root/watcher.py:65]: Watching directory: c:\users\lyncon.baez\.config\yasb
2026-07-15 07:08:20,941 [INFO] [MainThread] [root/watcher.py:104]: Created file watcher
Windows fatal exception: code 0x8001010e

Thread 0x00004c80 [asyncio_0] (most recent call first):
  File "C:\hostedtoolcache\windows\Python\3.14.4\x64\Lib\concurrent\futures\thread.py", line 116 in _worker
  File "C:\hostedtoolcache\windows\Python\3.14.4\x64\Lib\threading.py", line 1024 in run
  File "C:\hostedtoolcache\windows\Python\3.14.4\x64\Lib\threading.py", line 1082 in _bootstrap_inner
  File "C:\hostedtoolcache\windows\Python\3.14.4\x64\Lib\threading.py", line 1044 in _bootstrap

Thread 0x00005ec4 [Thread-5] (most recent call first):
  File "C:\hostedtoolcache\windows\Python\3.14.4\x64\Lib\threading.py", line 369 in wait
  File "C:\hostedtoolcache\windows\Python\3.14.4\x64\Lib\queue.py", line 199 in get
  File "D:\a\yasb\yasb\venv\Lib\site-packages\watchdog\observers\api.py", line 379 in dispatch_events
  File "D:\a\yasb\yasb\venv\Lib\site-packages\watchdog\observers\api.py", line 213 in run
  File "C:\hostedtoolcache\windows\Python\3.14.4\x64\Lib\threading.py", line 1082 in _bootstrap_inner
  File "C:\hostedtoolcache\windows\Python\3.14.4\x64\Lib\threading.py", line 1044 in _bootstrap

Thread 0x00005ec0 [Thread-6] (most recent call first):
  File "D:\a\yasb\yasb\venv\Lib\site-packages\watchdog\observers\winapi.py", line 326 in read_directory_changes
  File "D:\a\yasb\yasb\venv\Lib\site-packages\watchdog\observers\winapi.py", line 380 in read_events
  File "D:\a\yasb\yasb\venv\Lib\site-packages\watchdog\observers\read_directory_changes.py", line 67 in _read_events
  File "D:\a\yasb\yasb\venv\Lib\site-packages\watchdog\observers\read_directory_changes.py", line 70 in queue_events
  File "D:\a\yasb\yasb\venv\Lib\site-packages\watchdog\observers\api.py", line 158 in run
  File "C:\hostedtoolcache\windows\Python\3.14.4\x64\Lib\threading.py", line 1082 in _bootstrap_inner
  File "C:\hostedtoolcache\windows\Python\3.14.4\x64\Lib\threading.py", line 1044 in _bootstrap

Thread 0x00005ebc [WindowsNotificationEventListener] (most recent call first):
  File "C:\hostedtoolcache\windows\Python\3.14.4\x64\Lib\asyncio\windows_events.py", line 775 in _poll
  File "C:\hostedtoolcache\windows\Python\3.14.4\x64\Lib\asyncio\windows_events.py", line 446 in select
  File "C:\hostedtoolcache\windows\Python\3.14.4\x64\Lib\asyncio\base_events.py", line 2019 in _run_once
  File "C:\hostedtoolcache\windows\Python\3.14.4\x64\Lib\asyncio\base_events.py", line 677 in run_forever
  File "C:\hostedtoolcache\windows\Python\3.14.4\x64\Lib\asyncio\base_events.py", line 706 in run_until_complete
  File "D:\a\yasb\yasb\src\core\widgets\services\notifications\windows_notification.py", line 101 in run

Thread 0x00005e44 [MemoryWorker] (most recent call first):
  File "D:\a\yasb\yasb\src\core\widgets\services\memory\memory_api.py", line 244 in run

Thread 0x00005e3c [CpuWorker] (most recent call first):
  File "D:\a\yasb\yasb\src\core\widgets\services\cpu\cpu_api.py", line 318 in run

Thread 0x00005e34 [SystrayHook] (most recent call first):
  File "D:\a\yasb\yasb\src\core\widgets\services\systray\systray_hook.py", line 247 in run
  File "D:\a\yasb\yasb\src\core\widgets\yasb\systray.py", line 79 in run

Thread 0x00005dc8 [_EventWorker] (most recent call first):
  File "D:\a\yasb\yasb\venv\Lib\site-packages\qasync\_windows.py", line 147 in _poll
  File "D:\a\yasb\yasb\venv\Lib\site-packages\qasync\_windows.py", line 72 in select
  File "D:\a\yasb\yasb\venv\Lib\site-packages\qasync\_windows.py", line 199 in run

Thread 0x00005d7c [LogPipeServer] (most recent call first):
  File "D:\a\yasb\yasb\src\core\utils\win32\bindings\kernel32.py", line 288 in ConnectNamedPipe
  File "D:\a\yasb\yasb\src\core\utils\cli_server.py", line 138 in _run_server
  File "C:\hostedtoolcache\windows\Python\3.14.4\x64\Lib\threading.py", line 1024 in run
  File "C:\hostedtoolcache\windows\Python\3.14.4\x64\Lib\threading.py", line 1082 in _bootstrap_inner
  File "C:\hostedtoolcache\windows\Python\3.14.4\x64\Lib\threading.py", line 1044 in _bootstrap

Thread 0x00005d78 [CLIPipeServer] (most recent call first):
  File "D:\a\yasb\yasb\src\core\utils\win32\bindings\kernel32.py", line 288 in ConnectNamedPipe
  File "D:\a\yasb\yasb\src\core\utils\cli_server.py", line 235 in _run_server
  File "C:\hostedtoolcache\windows\Python\3.14.4\x64\Lib\threading.py", line 1024 in run
  File "C:\hostedtoolcache\windows\Python\3.14.4\x64\Lib\threading.py", line 1082 in _bootstrap_inner
  File "C:\hostedtoolcache\windows\Python\3.14.4\x64\Lib\threading.py", line 1044 in _bootstrap

Current thread 0x00005d60 (most recent call first):
  File "C:\hostedtoolcache\windows\Python\3.14.4\x64\Lib\asyncio\events.py", line 94 in _run
  File "D:\a\yasb\yasb\venv\Lib\site-packages\qasync\__init__.py", line 307 in timerEvent
  File "D:\a\yasb\yasb\venv\Lib\site-packages\qasync\__init__.py", line 404 in run_forever
  File "D:\a\yasb\yasb\venv\Lib\site-packages\qasync\__init__.py", line 428 in run_until_complete
  File "main.py", line 98 in main
  File "main.py", line 188 in <module>
  File "D:\a\yasb\yasb\venv\Lib\site-packages\freeze_core\initscripts\console.py", line 27 in run
  File "D:\a\yasb\yasb\venv\Lib\site-packages\freeze_core\initscripts\__startup__.py", line 137 in run

Current thread's C stack trace (most recent call first):
  <cannot get C stack on this system>
2026-07-15 17:09:05,456 [INFO] [MainThread] [root/bar_manager.py:118]: Stopping WindowsNotificationEventListener...
2026-07-16 07:07:56,155 [INFO] [MainThread] [root/log.py:104]: YASB v2.0.2
2026-07-16 07:07:56,158 [INFO] [CLIPipeServer] [cli_server/cli_server.py:216]: CLI server started v1.1.7
2026-07-16 07:07:56,158 [INFO] [MainThread] [cli_server/cli_server.py:106]: Log pipe server started
2026-07-16 07:07:57,796 [INFO] [SystrayHook] [systray_hook/systray_hook.py:193]: Injecting into Explorer (PID: 5964)
2026-07-16 07:07:57,876 [INFO] [MainThread] [root/service.py:52]: AudioOutputService starting...
2026-07-16 07:07:58,122 [INFO] [MainThread] [root/bar_manager.py:102]: Starting WindowsNotificationEventListener...
2026-07-16 07:07:58,124 [INFO] [MainThread] [root/watcher.py:65]: Watching directory: c:\users\lyncon.baez\.config\yasb
2026-07-16 07:07:58,124 [INFO] [MainThread] [root/watcher.py:104]: Created file watcher
2026-07-16 09:57:58,270 [ERROR] [MainThread] [open_meteo/api.py:104]: No internet connection or host not found. Unable to fetch weather.
2026-07-16 09:57:58,270 [WARNING] [MainThread] [root/open_meteo.py:888]: Error processing Open-Meteo data: Weather data is empty.
Windows fatal exception: access violation

Thread 0x00005954 [asyncio_0] (most recent call first):
  File "C:\hostedtoolcache\windows\Python\3.14.4\x64\Lib\concurrent\futures\thread.py", line 116 in _worker
  File "C:\hostedtoolcache\windows\Python\3.14.4\x64\Lib\threading.py", line 1024 in run
  File "C:\hostedtoolcache\windows\Python\3.14.4\x64\Lib\threading.py", line 1082 in _bootstrap_inner
  File "C:\hostedtoolcache\windows\Python\3.14.4\x64\Lib\threading.py", line 1044 in _bootstrap

Thread 0x00005814 [Thread-5] (most recent call first):
  File "C:\hostedtoolcache\windows\Python\3.14.4\x64\Lib\threading.py", line 369 in wait
  File "C:\hostedtoolcache\windows\Python\3.14.4\x64\Lib\queue.py", line 199 in get
  File "D:\a\yasb\yasb\venv\Lib\site-packages\watchdog\observers\api.py", line 379 in dispatch_events
  File "D:\a\yasb\yasb\venv\Lib\site-packages\watchdog\observers\api.py", line 213 in run
  File "C:\hostedtoolcache\windows\Python\3.14.4\x64\Lib\threading.py", line 1082 in _bootstrap_inner
  File "C:\hostedtoolcache\windows\Python\3.14.4\x64\Lib\threading.py", line 1044 in _bootstrap

Thread 0x00005890 [Thread-6] (most recent call first):
  File "D:\a\yasb\yasb\venv\Lib\site-packages\watchdog\observers\winapi.py", line 326 in read_directory_changes
  File "D:\a\yasb\yasb\venv\Lib\site-packages\watchdog\observers\winapi.py", line 380 in read_events
  File "D:\a\yasb\yasb\venv\Lib\site-packages\watchdog\observers\read_directory_changes.py", line 67 in _read_events
  File "D:\a\yasb\yasb\venv\Lib\site-packages\watchdog\observers\read_directory_changes.py", line 70 in queue_events
  File "D:\a\yasb\yasb\venv\Lib\site-packages\watchdog\observers\api.py", line 158 in run
  File "C:\hostedtoolcache\windows\Python\3.14.4\x64\Lib\threading.py", line 1082 in _bootstrap_inner
  File "C:\hostedtoolcache\windows\Python\3.14.4\x64\Lib\threading.py", line 1044 in _bootstrap

Thread 0x00000de4 [WindowsNotificationEventListener] (most recent call first):
  File "C:\hostedtoolcache\windows\Python\3.14.4\x64\Lib\asyncio\windows_events.py", line 775 in _poll
  File "C:\hostedtoolcache\windows\Python\3.14.4\x64\Lib\asyncio\windows_events.py", line 446 in select
  File "C:\hostedtoolcache\windows\Python\3.14.4\x64\Lib\asyncio\base_events.py", line 2019 in _run_once
  File "C:\hostedtoolcache\windows\Python\3.14.4\x64\Lib\asyncio\base_events.py", line 677 in run_forever
  File "C:\hostedtoolcache\windows\Python\3.14.4\x64\Lib\asyncio\base_events.py", line 706 in run_until_complete
  File "D:\a\yasb\yasb\src\core\widgets\services\notifications\windows_notification.py", line 101 in run

Thread 0x00005804 [MemoryWorker] (most recent call first):
  File "D:\a\yasb\yasb\src\core\widgets\services\memory\memory_api.py", line 244 in run

Thread 0x00005bd4 [CpuWorker] (most recent call first):
  File "D:\a\yasb\yasb\src\core\widgets\services\cpu\cpu_api.py", line 318 in run

Current thread 0x00005494 [SystrayHook] (most recent call first):
  File "D:\a\yasb\yasb\src\core\widgets\services\systray\utils.py", line 229 in validate_icon_data
  File "D:\a\yasb\yasb\src\core\widgets\services\systray\systray_hook.py", line 319 in process_message
  File "D:\a\yasb\yasb\src\core\widgets\services\systray\systray_hook.py", line 270 in run
  File "D:\a\yasb\yasb\src\core\widgets\yasb\systray.py", line 79 in run

Thread 0x000058d0 [_EventWorker] (most recent call first):
  File "D:\a\yasb\yasb\venv\Lib\site-packages\qasync\_windows.py", line 147 in _poll
  File "D:\a\yasb\yasb\venv\Lib\site-packages\qasync\_windows.py", line 72 in select
  File "D:\a\yasb\yasb\venv\Lib\site-packages\qasync\_windows.py", line 199 in run

Thread 0x00004a20 [LogPipeServer] (most recent call first):
  File "D:\a\yasb\yasb\src\core\utils\win32\bindings\kernel32.py", line 288 in ConnectNamedPipe
  File "D:\a\yasb\yasb\src\core\utils\cli_server.py", line 138 in _run_server
  File "C:\hostedtoolcache\windows\Python\3.14.4\x64\Lib\threading.py", line 1024 in run
  File "C:\hostedtoolcache\windows\Python\3.14.4\x64\Lib\threading.py", line 1082 in _bootstrap_inner
  File "C:\hostedtoolcache\windows\Python\3.14.4\x64\Lib\threading.py", line 1044 in _bootstrap

Thread 0x00004a70 [CLIPipeServer] (most recent call first):
  File "D:\a\yasb\yasb\src\core\utils\win32\bindings\kernel32.py", line 288 in ConnectNamedPipe
  File "D:\a\yasb\yasb\src\core\utils\cli_server.py", line 235 in _run_server
  File "C:\hostedtoolcache\windows\Python\3.14.4\x64\Lib\threading.py", line 1024 in run
  File "C:\hostedtoolcache\windows\Python\3.14.4\x64\Lib\threading.py", line 1082 in _bootstrap_inner
  File "C:\hostedtoolcache\windows\Python\3.14.4\x64\Lib\threading.py", line 1044 in _bootstrap

Thread 0x00004a24 (most recent call first):
  File "D:\a\yasb\yasb\venv\Lib\site-packages\qasync\__init__.py", line 404 in run_forever
  File "D:\a\yasb\yasb\venv\Lib\site-packages\qasync\__init__.py", line 428 in run_until_complete
  File "main.py", line 98 in main
  File "main.py", line 188 in <module>
  File "D:\a\yasb\yasb\venv\Lib\site-packages\freeze_core\initscripts\console.py", line 27 in run
  File "D:\a\yasb\yasb\venv\Lib\site-packages\freeze_core\initscripts\__startup__.py", line 137 in run

Current thread's C stack trace (most recent call first):
  <cannot get C stack on this system>
2026-07-16 12:38:25,625 [INFO] [MainThread] [root/log.py:104]: YASB v2.0.2
2026-07-16 12:38:25,626 [INFO] [CLIPipeServer] [cli_server/cli_server.py:216]: CLI server started v1.1.7
2026-07-16 12:38:25,626 [INFO] [MainThread] [cli_server/cli_server.py:106]: Log pipe server started
2026-07-16 12:38:26,319 [INFO] [MainThread] [root/service.py:52]: AudioOutputService starting...
2026-07-16 12:38:26,334 [INFO] [SystrayHook] [systray_hook/systray_hook.py:193]: Injecting into Explorer (PID: 5964)
2026-07-16 12:38:26,757 [INFO] [MainThread] [root/bar_manager.py:102]: Starting WindowsNotificationEventListener...
2026-07-16 12:38:26,758 [INFO] [MainThread] [root/watcher.py:65]: Watching directory: c:\users\lyncon.baez\.config\yasb
2026-07-16 12:38:26,758 [INFO] [MainThread] [root/watcher.py:104]: Created file watcher
2026-07-16 17:01:21,772 [INFO] [MainThread] [root/bar_manager.py:118]: Stopping WindowsNotificationEventListener...
2026-07-17 07:06:29,895 [INFO] [MainThread] [root/log.py:104]: YASB v2.0.2
2026-07-17 07:06:29,896 [INFO] [CLIPipeServer] [cli_server/cli_server.py:216]: CLI server started v1.1.7
2026-07-17 07:06:29,897 [INFO] [MainThread] [cli_server/cli_server.py:106]: Log pipe server started
2026-07-17 07:06:31,108 [INFO] [SystrayHook] [systray_hook/systray_hook.py:193]: Injecting into Explorer (PID: 12768)
2026-07-17 07:06:31,124 [INFO] [MainThread] [root/service.py:52]: AudioOutputService starting...
2026-07-17 07:06:31,227 [INFO] [MainThread] [root/bar_manager.py:102]: Starting WindowsNotificationEventListener...
2026-07-17 07:06:31,229 [INFO] [MainThread] [root/watcher.py:65]: Watching directory: c:\users\lyncon.baez\.config\yasb
2026-07-17 07:06:31,229 [INFO] [MainThread] [root/watcher.py:104]: Created file watcher
2026-07-17 15:38:55,119 [INFO] [MainThread] [root/bar_manager.py:118]: Stopping WindowsNotificationEventListener...
2026-07-20 07:11:59,251 [INFO] [MainThread] [root/log.py:104]: YASB v2.0.2
2026-07-20 07:11:59,252 [INFO] [CLIPipeServer] [cli_server/cli_server.py:216]: CLI server started v1.1.7
2026-07-20 07:11:59,253 [INFO] [MainThread] [cli_server/cli_server.py:106]: Log pipe server started
2026-07-20 07:12:00,306 [INFO] [SystrayHook] [systray_hook/systray_hook.py:193]: Injecting into Explorer (PID: 10192)
2026-07-20 07:12:00,326 [INFO] [MainThread] [root/service.py:52]: AudioOutputService starting...
2026-07-20 07:12:00,449 [INFO] [MainThread] [root/bar_manager.py:102]: Starting WindowsNotificationEventListener...
2026-07-20 07:12:00,451 [INFO] [MainThread] [root/watcher.py:65]: Watching directory: c:\users\lyncon.baez\.config\yasb
2026-07-20 07:12:00,451 [INFO] [MainThread] [root/watcher.py:104]: Created file watcher
2026-07-20 11:52:25,164 [ERROR] [SystrayHook] [root/app_icons.py:282]: GetIconInfo failed: 0
2026-07-20 11:54:59,037 [ERROR] [SystrayHook] [root/app_icons.py:282]: GetIconInfo failed: 0
2026-07-20 16:52:26,046 [INFO] [MainThread] [root/bar_manager.py:118]: Stopping WindowsNotificationEventListener...
2026-07-21 07:28:28,972 [INFO] [MainThread] [root/log.py:104]: YASB v2.0.2
2026-07-21 07:28:28,974 [INFO] [CLIPipeServer] [cli_server/cli_server.py:216]: CLI server started v1.1.7
2026-07-21 07:28:28,974 [INFO] [MainThread] [cli_server/cli_server.py:106]: Log pipe server started
2026-07-21 07:28:30,055 [INFO] [SystrayHook] [systray_hook/systray_hook.py:193]: Injecting into Explorer (PID: 7152)
2026-07-21 07:28:30,073 [INFO] [MainThread] [root/service.py:52]: AudioOutputService starting...
2026-07-21 07:28:30,185 [INFO] [MainThread] [root/bar_manager.py:102]: Starting WindowsNotificationEventListener...
2026-07-21 07:28:30,186 [INFO] [MainThread] [root/watcher.py:65]: Watching directory: c:\users\lyncon.baez\.config\yasb
2026-07-21 07:28:30,187 [INFO] [MainThread] [root/watcher.py:104]: Created file watcher
2026-07-21 16:28:56,694 [INFO] [MainThread] [root/bar_manager.py:118]: Stopping WindowsNotificationEventListener...
2026-07-21 16:30:14,444 [INFO] [MainThread] [root/log.py:104]: YASB v2.0.2
2026-07-21 16:30:14,445 [INFO] [CLIPipeServer] [cli_server/cli_server.py:216]: CLI server started v1.1.7
2026-07-21 16:30:14,446 [INFO] [MainThread] [cli_server/cli_server.py:106]: Log pipe server started
2026-07-21 16:30:15,515 [INFO] [SystrayHook] [systray_hook/systray_hook.py:193]: Injecting into Explorer (PID: 13664)
2026-07-21 16:30:15,535 [INFO] [MainThread] [root/service.py:52]: AudioOutputService starting...
2026-07-21 16:30:15,645 [INFO] [MainThread] [root/bar_manager.py:102]: Starting WindowsNotificationEventListener...
2026-07-21 16:30:15,647 [INFO] [MainThread] [root/watcher.py:65]: Watching directory: c:\users\lyncon.baez\.config\yasb
2026-07-21 16:30:15,647 [INFO] [MainThread] [root/watcher.py:104]: Created file watcher
2026-07-21 17:07:25,292 [WARNING] [MainThread] [glazewm_client/client.py:134]: WebSocket error: SocketError.RemoteHostClosedError. Reconnecting...
2026-07-21 17:07:25,305 [INFO] [MainThread] [root/bar_manager.py:118]: Stopping WindowsNotificationEventListener...
2026-07-22 07:10:22,042 [INFO] [MainThread] [root/log.py:104]: YASB v2.0.2
2026-07-22 07:10:22,043 [INFO] [CLIPipeServer] [cli_server/cli_server.py:216]: CLI server started v1.1.7
2026-07-22 07:10:22,044 [INFO] [MainThread] [cli_server/cli_server.py:106]: Log pipe server started
2026-07-22 07:10:23,127 [INFO] [SystrayHook] [systray_hook/systray_hook.py:193]: Injecting into Explorer (PID: 13420)
2026-07-22 07:10:23,145 [INFO] [MainThread] [root/service.py:52]: AudioOutputService starting...
2026-07-22 07:10:23,252 [INFO] [MainThread] [root/bar_manager.py:102]: Starting WindowsNotificationEventListener...
2026-07-22 07:10:23,253 [INFO] [MainThread] [root/watcher.py:65]: Watching directory: c:\users\lyncon.baez\.config\yasb
2026-07-22 07:10:23,253 [INFO] [MainThread] [root/watcher.py:104]: Created file watcher
2026-07-22 17:20:23,283 [WARNING] [MainThread] [glazewm_client/client.py:134]: WebSocket error: SocketError.RemoteHostClosedError. Reconnecting...
2026-07-22 17:20:23,304 [INFO] [MainThread] [root/bar_manager.py:118]: Stopping WindowsNotificationEventListener...
2026-07-23 11:57:25,677 [INFO] [MainThread] [root/log.py:104]: YASB v2.0.2
2026-07-23 11:57:25,679 [INFO] [CLIPipeServer] [cli_server/cli_server.py:216]: CLI server started v1.1.7
2026-07-23 11:57:25,680 [INFO] [MainThread] [cli_server/cli_server.py:106]: Log pipe server started
2026-07-23 11:57:26,755 [INFO] [SystrayHook] [systray_hook/systray_hook.py:193]: Injecting into Explorer (PID: 13788)
2026-07-23 11:57:26,783 [INFO] [MainThread] [root/service.py:52]: AudioOutputService starting...
2026-07-23 11:57:26,903 [INFO] [MainThread] [root/bar_manager.py:102]: Starting WindowsNotificationEventListener...
2026-07-23 11:57:26,905 [INFO] [MainThread] [root/watcher.py:65]: Watching directory: c:\users\lyncon.baez\.config\yasb
2026-07-23 11:57:26,905 [INFO] [MainThread] [root/watcher.py:104]: Created file watcher
2026-07-23 12:49:38,264 [INFO] [MainThread] [root/bar_manager.py:118]: Stopping WindowsNotificationEventListener...
2026-07-24 07:00:58,618 [INFO] [MainThread] [root/log.py:104]: YASB v2.0.2
2026-07-24 07:00:58,620 [INFO] [CLIPipeServer] [cli_server/cli_server.py:216]: CLI server started v1.1.7
2026-07-24 07:00:58,620 [INFO] [MainThread] [cli_server/cli_server.py:106]: Log pipe server started
2026-07-24 07:00:59,701 [INFO] [SystrayHook] [systray_hook/systray_hook.py:193]: Injecting into Explorer (PID: 2400)
2026-07-24 07:00:59,718 [INFO] [MainThread] [root/service.py:52]: AudioOutputService starting...
2026-07-24 07:00:59,831 [INFO] [MainThread] [root/bar_manager.py:102]: Starting WindowsNotificationEventListener...
2026-07-24 07:00:59,832 [INFO] [MainThread] [root/watcher.py:65]: Watching directory: c:\users\lyncon.baez\.config\yasb
2026-07-24 07:00:59,832 [INFO] [MainThread] [root/watcher.py:104]: Created file watcher
2026-07-24 08:03:30,022 [ERROR] [SystrayHook] [root/app_icons.py:282]: GetIconInfo failed: 0
2026-07-24 08:03:30,026 [ERROR] [SystrayHook] [root/app_icons.py:282]: GetIconInfo failed: 0
2026-07-24 08:04:58,723 [ERROR] [SystrayHook] [root/app_icons.py:282]: GetIconInfo failed: 0
2026-07-24 08:04:58,725 [ERROR] [SystrayHook] [root/app_icons.py:282]: GetIconInfo failed: 0
2026-07-24 08:18:09,793 [WARNING] [MainThread] [glazewm_client/client.py:134]: WebSocket error: SocketError.RemoteHostClosedError. Reconnecting...
2026-07-24 10:17:09,262 [ERROR] [SystrayHook] [root/app_icons.py:282]: GetIconInfo failed: 0
2026-07-24 10:17:09,265 [ERROR] [SystrayHook] [root/app_icons.py:282]: GetIconInfo failed: 0
2026-07-24 12:27:49,683 [ERROR] [SystrayHook] [root/app_icons.py:282]: GetIconInfo failed: 0
2026-07-24 16:26:57,863 [WARNING] [MainThread] [glazewm_client/client.py:134]: WebSocket error: SocketError.RemoteHostClosedError. Reconnecting...
2026-07-24 16:26:57,874 [INFO] [MainThread] [root/bar_manager.py:118]: Stopping WindowsNotificationEventListener...
2026-07-27 07:20:17,678 [INFO] [MainThread] [root/log.py:104]: YASB v2.0.2
2026-07-27 07:20:17,680 [INFO] [CLIPipeServer] [cli_server/cli_server.py:216]: CLI server started v1.1.7
2026-07-27 07:20:17,680 [INFO] [MainThread] [cli_server/cli_server.py:106]: Log pipe server started
2026-07-27 07:20:18,922 [INFO] [SystrayHook] [systray_hook/systray_hook.py:193]: Injecting into Explorer (PID: 13888)
2026-07-27 07:20:18,941 [INFO] [MainThread] [root/service.py:52]: AudioOutputService starting...
2026-07-27 07:20:19,058 [INFO] [MainThread] [root/bar_manager.py:102]: Starting WindowsNotificationEventListener...
2026-07-27 07:20:19,060 [INFO] [MainThread] [root/watcher.py:65]: Watching directory: c:\users\lyncon.baez\.config\yasb
2026-07-27 07:20:19,060 [INFO] [MainThread] [root/watcher.py:104]: Created file watcher
2026-07-27 17:03:24,436 [WARNING] [MainThread] [glazewm_client/client.py:134]: WebSocket error: SocketError.RemoteHostClosedError. Reconnecting...
2026-07-27 17:03:24,442 [INFO] [MainThread] [root/bar_manager.py:118]: Stopping WindowsNotificationEventListener...
2026-07-29 07:02:19,328 [INFO] [MainThread] [root/log.py:104]: YASB v2.0.2
2026-07-29 07:02:19,330 [INFO] [CLIPipeServer] [cli_server/cli_server.py:216]: CLI server started v1.1.7
2026-07-29 07:02:19,330 [INFO] [MainThread] [cli_server/cli_server.py:106]: Log pipe server started
2026-07-29 07:02:20,437 [INFO] [SystrayHook] [systray_hook/systray_hook.py:193]: Injecting into Explorer (PID: 13796)
2026-07-29 07:02:20,460 [INFO] [MainThread] [root/service.py:52]: AudioOutputService starting...
2026-07-29 07:02:20,581 [INFO] [MainThread] [root/bar_manager.py:102]: Starting WindowsNotificationEventListener...
2026-07-29 07:02:20,583 [INFO] [MainThread] [root/watcher.py:65]: Watching directory: c:\users\lyncon.baez\.config\yasb
2026-07-29 07:02:20,583 [INFO] [MainThread] [root/watcher.py:104]: Created file watcher
2026-07-29 09:51:34,733 [INFO] [MainThread] [root/bar_manager.py:118]: Stopping WindowsNotificationEventListener...
2026-07-29 09:51:34,782 [WARNING] [MainThread] [glazewm_client/client.py:134]: WebSocket error: SocketError.RemoteHostClosedError. Reconnecting...
2026-07-31 06:55:42,170 [INFO] [MainThread] [root/log.py:104]: YASB v2.0.2
2026-07-31 06:55:42,171 [INFO] [CLIPipeServer] [cli_server/cli_server.py:216]: CLI server started v1.1.7
2026-07-31 06:55:42,172 [INFO] [MainThread] [cli_server/cli_server.py:106]: Log pipe server started
2026-07-31 06:55:43,253 [INFO] [SystrayHook] [systray_hook/systray_hook.py:193]: Injecting into Explorer (PID: 10768)
2026-07-31 06:55:43,274 [INFO] [MainThread] [root/service.py:52]: AudioOutputService starting...
2026-07-31 06:55:43,396 [INFO] [MainThread] [root/bar_manager.py:102]: Starting WindowsNotificationEventListener...
2026-07-31 06:55:43,398 [INFO] [MainThread] [root/watcher.py:65]: Watching directory: c:\users\lyncon.baez\.config\yasb
2026-07-31 06:55:43,398 [INFO] [MainThread] [root/watcher.py:104]: Created file watcher
2026-07-31 16:28:48,249 [WARNING] [MainThread] [glazewm_client/client.py:134]: WebSocket error: SocketError.RemoteHostClosedError. Reconnecting...
2026-07-31 16:28:48,253 [INFO] [MainThread] [root/bar_manager.py:118]: Stopping WindowsNotificationEventListener...
2026-08-03 07:10:39,562 [INFO] [MainThread] [root/log.py:104]: YASB v2.0.2
2026-08-03 07:10:39,563 [INFO] [CLIPipeServer] [cli_server/cli_server.py:216]: CLI server started v1.1.7
2026-08-03 07:10:39,563 [INFO] [MainThread] [cli_server/cli_server.py:106]: Log pipe server started
2026-08-03 07:10:40,894 [INFO] [SystrayHook] [systray_hook/systray_hook.py:193]: Injecting into Explorer (PID: 12536)
2026-08-03 07:10:40,915 [INFO] [MainThread] [root/service.py:52]: AudioOutputService starting...
2026-08-03 07:10:41,022 [INFO] [MainThread] [root/bar_manager.py:102]: Starting WindowsNotificationEventListener...
2026-08-03 07:10:41,023 [INFO] [MainThread] [root/watcher.py:65]: Watching directory: c:\users\lyncon.baez\.config\yasb
2026-08-03 07:10:41,023 [INFO] [MainThread] [root/watcher.py:104]: Created file watcher
2026-08-03 12:40:27,516 [ERROR] [SystrayHook] [root/app_icons.py:282]: GetIconInfo failed: 0
2026-08-03 12:40:27,519 [ERROR] [SystrayHook] [root/app_icons.py:282]: GetIconInfo failed: 0
2026-08-03 17:04:05,570 [WARNING] [MainThread] [glazewm_client/client.py:134]: WebSocket error: SocketError.RemoteHostClosedError. Reconnecting...
2026-08-03 17:04:05,593 [INFO] [MainThread] [root/bar_manager.py:118]: Stopping WindowsNotificationEventListener...
2026-08-05 07:04:49,824 [INFO] [MainThread] [root/log.py:104]: YASB v2.0.2
2026-08-05 07:04:49,825 [INFO] [CLIPipeServer] [cli_server/cli_server.py:216]: CLI server started v1.1.7
2026-08-05 07:04:49,826 [INFO] [MainThread] [cli_server/cli_server.py:106]: Log pipe server started
2026-08-05 07:04:50,883 [INFO] [SystrayHook] [systray_hook/systray_hook.py:193]: Injecting into Explorer (PID: 8240)
2026-08-05 07:04:50,902 [INFO] [MainThread] [root/service.py:52]: AudioOutputService starting...
2026-08-05 07:04:51,003 [INFO] [MainThread] [root/bar_manager.py:102]: Starting WindowsNotificationEventListener...
2026-08-05 07:04:51,005 [INFO] [MainThread] [root/watcher.py:65]: Watching directory: c:\users\lyncon.baez\.config\yasb
2026-08-05 07:04:51,005 [INFO] [MainThread] [root/watcher.py:104]: Created file watcher
2026-08-05 09:16:39,705 [INFO] [MainThread] [root/log.py:104]: YASB v2.0.2
2026-08-05 09:16:39,706 [INFO] [CLIPipeServer] [cli_server/cli_server.py:216]: CLI server started v1.1.7
2026-08-05 09:16:39,707 [INFO] [MainThread] [cli_server/cli_server.py:106]: Log pipe server started
2026-08-05 09:16:40,753 [INFO] [SystrayHook] [systray_hook/systray_hook.py:193]: Injecting into Explorer (PID: 13560)
2026-08-05 09:16:40,773 [INFO] [MainThread] [root/service.py:52]: AudioOutputService starting...
2026-08-05 09:16:40,880 [INFO] [MainThread] [root/bar_manager.py:102]: Starting WindowsNotificationEventListener...
2026-08-05 09:16:40,881 [INFO] [MainThread] [root/watcher.py:65]: Watching directory: c:\users\lyncon.baez\.config\yasb
2026-08-05 09:16:40,881 [INFO] [MainThread] [root/watcher.py:104]: Created file watcher
2026-08-05 17:00:25,046 [WARNING] [MainThread] [glazewm_client/client.py:134]: WebSocket error: SocketError.RemoteHostClosedError. Reconnecting...
2026-08-05 17:00:25,063 [INFO] [MainThread] [root/bar_manager.py:118]: Stopping WindowsNotificationEventListener...
2026-08-07 07:03:58,419 [INFO] [MainThread] [root/log.py:104]: YASB v2.0.2
2026-08-07 07:03:58,421 [INFO] [CLIPipeServer] [cli_server/cli_server.py:216]: CLI server started v1.1.7
2026-08-07 07:03:58,421 [INFO] [MainThread] [cli_server/cli_server.py:106]: Log pipe server started
2026-08-07 07:03:59,542 [INFO] [SystrayHook] [systray_hook/systray_hook.py:193]: Injecting into Explorer (PID: 2448)
2026-08-07 07:03:59,564 [INFO] [MainThread] [root/service.py:52]: AudioOutputService starting...
2026-08-07 07:03:59,680 [INFO] [MainThread] [root/bar_manager.py:102]: Starting WindowsNotificationEventListener...
2026-08-07 07:03:59,682 [INFO] [MainThread] [root/watcher.py:65]: Watching directory: c:\users\lyncon.baez\.config\yasb
2026-08-07 07:03:59,682 [INFO] [MainThread] [root/watcher.py:104]: Created file watcher
2026-08-07 14:57:12,364 [INFO] [MainThread] [root/bar_manager.py:118]: Stopping WindowsNotificationEventListener...
2026-08-10 07:06:24,009 [INFO] [MainThread] [root/log.py:104]: YASB v2.0.2
2026-08-10 07:06:24,011 [INFO] [CLIPipeServer] [cli_server/cli_server.py:216]: CLI server started v1.1.7
2026-08-10 07:06:24,011 [INFO] [MainThread] [cli_server/cli_server.py:106]: Log pipe server started
2026-08-10 07:06:25,217 [INFO] [SystrayHook] [systray_hook/systray_hook.py:193]: Injecting into Explorer (PID: 12928)
2026-08-10 07:06:25,237 [INFO] [MainThread] [root/service.py:52]: AudioOutputService starting...
2026-08-10 07:06:25,348 [INFO] [MainThread] [root/bar_manager.py:102]: Starting WindowsNotificationEventListener...
2026-08-10 07:06:25,349 [INFO] [MainThread] [root/watcher.py:65]: Watching directory: c:\users\lyncon.baez\.config\yasb
2026-08-10 07:06:25,350 [INFO] [MainThread] [root/watcher.py:104]: Created file watcher
Windows fatal exception: code 0x8001010e

Thread 0x000059e4 [asyncio_0] (most recent call first):
  File "C:\hostedtoolcache\windows\Python\3.14.4\x64\Lib\threading.py", line 373 in wait
  File "C:\hostedtoolcache\windows\Python\3.14.4\x64\Lib\threading.py", line 670 in wait
  File "C:\hostedtoolcache\windows\Python\3.14.4\x64\Lib\concurrent\futures\thread.py", line 73 in run
  File "C:\hostedtoolcache\windows\Python\3.14.4\x64\Lib\concurrent\futures\thread.py", line 86 in run
  File "C:\hostedtoolcache\windows\Python\3.14.4\x64\Lib\concurrent\futures\thread.py", line 119 in _worker
  File "C:\hostedtoolcache\windows\Python\3.14.4\x64\Lib\threading.py", line 1024 in run
  File "C:\hostedtoolcache\windows\Python\3.14.4\x64\Lib\threading.py", line 1082 in _bootstrap_inner
  File "C:\hostedtoolcache\windows\Python\3.14.4\x64\Lib\threading.py", line 1044 in _bootstrap

Thread 0x000059b0 [Thread-5] (most recent call first):
  File "C:\hostedtoolcache\windows\Python\3.14.4\x64\Lib\threading.py", line 369 in wait
  File "C:\hostedtoolcache\windows\Python\3.14.4\x64\Lib\queue.py", line 199 in get
  File "D:\a\yasb\yasb\venv\Lib\site-packages\watchdog\observers\api.py", line 379 in dispatch_events
  File "D:\a\yasb\yasb\venv\Lib\site-packages\watchdog\observers\api.py", line 213 in run
  File "C:\hostedtoolcache\windows\Python\3.14.4\x64\Lib\threading.py", line 1082 in _bootstrap_inner
  File "C:\hostedtoolcache\windows\Python\3.14.4\x64\Lib\threading.py", line 1044 in _bootstrap

Thread 0x000059ac [Thread-6] (most recent call first):
  File "D:\a\yasb\yasb\venv\Lib\site-packages\watchdog\observers\winapi.py", line 326 in read_directory_changes
  File "D:\a\yasb\yasb\venv\Lib\site-packages\watchdog\observers\winapi.py", line 380 in read_events
  File "D:\a\yasb\yasb\venv\Lib\site-packages\watchdog\observers\read_directory_changes.py", line 67 in _read_events
  File "D:\a\yasb\yasb\venv\Lib\site-packages\watchdog\observers\read_directory_changes.py", line 70 in queue_events
  File "D:\a\yasb\yasb\venv\Lib\site-packages\watchdog\observers\api.py", line 158 in run
  File "C:\hostedtoolcache\windows\Python\3.14.4\x64\Lib\threading.py", line 1082 in _bootstrap_inner
  File "C:\hostedtoolcache\windows\Python\3.14.4\x64\Lib\threading.py", line 1044 in _bootstrap

Thread 0x000059a8 [WindowsNotificationEventListener] (most recent call first):
  File "C:\hostedtoolcache\windows\Python\3.14.4\x64\Lib\asyncio\windows_events.py", line 775 in _poll
  File "C:\hostedtoolcache\windows\Python\3.14.4\x64\Lib\asyncio\windows_events.py", line 446 in select
  File "C:\hostedtoolcache\windows\Python\3.14.4\x64\Lib\asyncio\base_events.py", line 2019 in _run_once
  File "C:\hostedtoolcache\windows\Python\3.14.4\x64\Lib\asyncio\base_events.py", line 677 in run_forever
  File "C:\hostedtoolcache\windows\Python\3.14.4\x64\Lib\asyncio\base_events.py", line 706 in run_until_complete
  File "D:\a\yasb\yasb\src\core\widgets\services\notifications\windows_notification.py", line 101 in run

Thread 0x00005860 [MemoryWorker] (most recent call first):
  File "D:\a\yasb\yasb\src\core\widgets\services\memory\memory_api.py", line 244 in run

Thread 0x00005864 [CpuWorker] (most recent call first):
  File "D:\a\yasb\yasb\src\core\widgets\services\cpu\cpu_api.py", line 318 in run

Thread 0x00005968 [SystrayHook] (most recent call first):
  File "D:\a\yasb\yasb\src\core\widgets\services\systray\systray_hook.py", line 247 in run
  File "D:\a\yasb\yasb\src\core\widgets\yasb\systray.py", line 79 in run

Thread 0x000058cc [_EventWorker] (most recent call first):
  File "D:\a\yasb\yasb\venv\Lib\site-packages\qasync\_windows.py", line 147 in _poll
  File "D:\a\yasb\yasb\venv\Lib\site-packages\qasync\_windows.py", line 72 in select
  File "D:\a\yasb\yasb\venv\Lib\site-packages\qasync\_windows.py", line 199 in run

Thread 0x000058c8 [LogPipeServer] (most recent call first):
  File "D:\a\yasb\yasb\src\core\utils\win32\bindings\kernel32.py", line 288 in ConnectNamedPipe
  File "D:\a\yasb\yasb\src\core\utils\cli_server.py", line 138 in _run_server
  File "C:\hostedtoolcache\windows\Python\3.14.4\x64\Lib\threading.py", line 1024 in run
  File "C:\hostedtoolcache\windows\Python\3.14.4\x64\Lib\threading.py", line 1082 in _bootstrap_inner
  File "C:\hostedtoolcache\windows\Python\3.14.4\x64\Lib\threading.py", line 1044 in _bootstrap

Thread 0x00005834 [CLIPipeServer] (most recent call first):
  File "D:\a\yasb\yasb\src\core\utils\win32\bindings\kernel32.py", line 288 in ConnectNamedPipe
  File "D:\a\yasb\yasb\src\core\utils\cli_server.py", line 235 in _run_server
  File "C:\hostedtoolcache\windows\Python\3.14.4\x64\Lib\threading.py", line 1024 in run
  File "C:\hostedtoolcache\windows\Python\3.14.4\x64\Lib\threading.py", line 1082 in _bootstrap_inner
  File "C:\hostedtoolcache\windows\Python\3.14.4\x64\Lib\threading.py", line 1044 in _bootstrap

Current thread 0x0000584c (most recent call first):
  File "C:\hostedtoolcache\windows\Python\3.14.4\x64\Lib\asyncio\events.py", line 94 in _run
  File "D:\a\yasb\yasb\venv\Lib\site-packages\qasync\__init__.py", line 307 in timerEvent
  File "D:\a\yasb\yasb\venv\Lib\site-packages\qasync\__init__.py", line 404 in run_forever
  File "D:\a\yasb\yasb\venv\Lib\site-packages\qasync\__init__.py", line 428 in run_until_complete
  File "main.py", line 98 in main
  File "main.py", line 188 in <module>
  File "D:\a\yasb\yasb\venv\Lib\site-packages\freeze_core\initscripts\console.py", line 27 in run
  File "D:\a\yasb\yasb\venv\Lib\site-packages\freeze_core\initscripts\__startup__.py", line 137 in run

Current thread's C stack trace (most recent call first):
  <cannot get C stack on this system>
2026-08-10 17:01:16,165 [INFO] [MainThread] [root/bar_manager.py:118]: Stopping WindowsNotificationEventListener...
2026-08-10 17:01:16,309 [WARNING] [MainThread] [glazewm_client/client.py:134]: WebSocket error: SocketError.RemoteHostClosedError. Reconnecting...
2026-08-11 07:04:09,757 [INFO] [MainThread] [root/log.py:104]: YASB v2.0.2
2026-08-11 07:04:09,758 [INFO] [CLIPipeServer] [cli_server/cli_server.py:216]: CLI server started v1.1.7
2026-08-11 07:04:09,759 [INFO] [MainThread] [cli_server/cli_server.py:106]: Log pipe server started
2026-08-11 07:04:10,943 [INFO] [SystrayHook] [systray_hook/systray_hook.py:193]: Injecting into Explorer (PID: 5324)
2026-08-11 07:04:10,963 [INFO] [MainThread] [root/service.py:52]: AudioOutputService starting...
2026-08-11 07:04:11,075 [INFO] [MainThread] [root/bar_manager.py:102]: Starting WindowsNotificationEventListener...
2026-08-11 07:04:11,077 [INFO] [MainThread] [root/watcher.py:65]: Watching directory: c:\users\lyncon.baez\.config\yasb
2026-08-11 07:04:11,077 [INFO] [MainThread] [root/watcher.py:104]: Created file watcher
2026-08-11 13:01:11,686 [ERROR] [SystrayHook] [root/app_icons.py:282]: GetIconInfo failed: 0
2026-08-11 13:01:11,689 [ERROR] [SystrayHook] [root/app_icons.py:282]: GetIconInfo failed: 0
2026-08-11 17:04:28,210 [INFO] [MainThread] [root/bar_manager.py:118]: Stopping WindowsNotificationEventListener...
2026-08-12 06:54:34,176 [INFO] [MainThread] [root/log.py:104]: YASB v2.0.2
2026-08-12 06:54:34,177 [INFO] [CLIPipeServer] [cli_server/cli_server.py:216]: CLI server started v1.1.7
2026-08-12 06:54:34,178 [INFO] [MainThread] [cli_server/cli_server.py:106]: Log pipe server started
2026-08-12 06:54:35,383 [INFO] [SystrayHook] [systray_hook/systray_hook.py:193]: Injecting into Explorer (PID: 12384)
2026-08-12 06:54:35,403 [INFO] [MainThread] [root/service.py:52]: AudioOutputService starting...
2026-08-12 06:54:35,511 [INFO] [MainThread] [root/bar_manager.py:102]: Starting WindowsNotificationEventListener...
2026-08-12 06:54:35,513 [INFO] [MainThread] [root/watcher.py:65]: Watching directory: c:\users\lyncon.baez\.config\yasb
2026-08-12 06:54:35,513 [INFO] [MainThread] [root/watcher.py:104]: Created file watcher
2026-08-12 07:09:33,963 [ERROR] [SystrayHook] [root/app_icons.py:282]: GetIconInfo failed: 0
2026-08-12 07:09:33,968 [ERROR] [SystrayHook] [root/app_icons.py:282]: GetIconInfo failed: 0
2026-08-12 07:47:15,518 [ERROR] [SystrayHook] [root/app_icons.py:282]: GetIconInfo failed: 0
2026-08-12 07:47:15,522 [ERROR] [SystrayHook] [root/app_icons.py:282]: GetIconInfo failed: 0
2026-08-12 07:47:28,915 [WARNING] [MainThread] [glazewm_client/client.py:134]: WebSocket error: SocketError.RemoteHostClosedError. Reconnecting...
2026-08-12 07:50:59,083 [ERROR] [SystrayHook] [root/app_icons.py:282]: GetIconInfo failed: 0
2026-08-12 07:50:59,086 [ERROR] [SystrayHook] [root/app_icons.py:282]: GetIconInfo failed: 0
Windows fatal exception: access violation

Thread 0x000025c8 [asyncio_0] (most recent call first):
  File "C:\hostedtoolcache\windows\Python\3.14.4\x64\Lib\threading.py", line 373 in wait
  File "C:\hostedtoolcache\windows\Python\3.14.4\x64\Lib\threading.py", line 670 in wait
  File "C:\hostedtoolcache\windows\Python\3.14.4\x64\Lib\concurrent\futures\thread.py", line 73 in run
  File "C:\hostedtoolcache\windows\Python\3.14.4\x64\Lib\concurrent\futures\thread.py", line 86 in run
  File "C:\hostedtoolcache\windows\Python\3.14.4\x64\Lib\concurrent\futures\thread.py", line 119 in _worker
  File "C:\hostedtoolcache\windows\Python\3.14.4\x64\Lib\threading.py", line 1024 in run
  File "C:\hostedtoolcache\windows\Python\3.14.4\x64\Lib\threading.py", line 1082 in _bootstrap_inner
  File "C:\hostedtoolcache\windows\Python\3.14.4\x64\Lib\threading.py", line 1044 in _bootstrap

Thread 0x00001b88 [Thread-5] (most recent call first):
  File "C:\hostedtoolcache\windows\Python\3.14.4\x64\Lib\threading.py", line 369 in wait
  File "C:\hostedtoolcache\windows\Python\3.14.4\x64\Lib\queue.py", line 199 in get
  File "D:\a\yasb\yasb\venv\Lib\site-packages\watchdog\observers\api.py", line 379 in dispatch_events
  File "D:\a\yasb\yasb\venv\Lib\site-packages\watchdog\observers\api.py", line 213 in run
  File "C:\hostedtoolcache\windows\Python\3.14.4\x64\Lib\threading.py", line 1082 in _bootstrap_inner
  File "C:\hostedtoolcache\windows\Python\3.14.4\x64\Lib\threading.py", line 1044 in _bootstrap

Thread 0x00001b60 [Thread-6] (most recent call first):
  File "D:\a\yasb\yasb\venv\Lib\site-packages\watchdog\observers\winapi.py", line 326 in read_directory_changes
  File "D:\a\yasb\yasb\venv\Lib\site-packages\watchdog\observers\winapi.py", line 380 in read_events
  File "D:\a\yasb\yasb\venv\Lib\site-packages\watchdog\observers\read_directory_changes.py", line 67 in _read_events
  File "D:\a\yasb\yasb\venv\Lib\site-packages\watchdog\observers\read_directory_changes.py", line 70 in queue_events
  File "D:\a\yasb\yasb\venv\Lib\site-packages\watchdog\observers\api.py", line 158 in run
  File "C:\hostedtoolcache\windows\Python\3.14.4\x64\Lib\threading.py", line 1082 in _bootstrap_inner
  File "C:\hostedtoolcache\windows\Python\3.14.4\x64\Lib\threading.py", line 1044 in _bootstrap

Thread 0x00001b64 [WindowsNotificationEventListener] (most recent call first):
  File "C:\hostedtoolcache\windows\Python\3.14.4\x64\Lib\asyncio\windows_events.py", line 775 in _poll
  File "C:\hostedtoolcache\windows\Python\3.14.4\x64\Lib\asyncio\windows_events.py", line 446 in select
  File "C:\hostedtoolcache\windows\Python\3.14.4\x64\Lib\asyncio\base_events.py", line 2019 in _run_once
  File "C:\hostedtoolcache\windows\Python\3.14.4\x64\Lib\asyncio\base_events.py", line 677 in run_forever
  File "C:\hostedtoolcache\windows\Python\3.14.4\x64\Lib\asyncio\base_events.py", line 706 in run_until_complete
  File "D:\a\yasb\yasb\src\core\widgets\services\notifications\windows_notification.py", line 101 in run

Thread 0x00001888 [MemoryWorker] (most recent call first):
  File "D:\a\yasb\yasb\src\core\widgets\services\memory\memory_api.py", line 244 in run

Thread 0x00001638 [CpuWorker] (most recent call first):
  File "D:\a\yasb\yasb\src\core\widgets\services\cpu\cpu_api.py", line 318 in run

Current thread 0x00001810 [SystrayHook] (most recent call first):
  File "D:\a\yasb\yasb\src\core\widgets\services\systray\utils.py", line 229 in validate_icon_data
  File "D:\a\yasb\yasb\src\core\widgets\services\systray\systray_hook.py", line 319 in process_message
  File "D:\a\yasb\yasb\src\core\widgets\services\systray\systray_hook.py", line 270 in run
  File "D:\a\yasb\yasb\src\core\widgets\yasb\systray.py", line 79 in run

Thread 0x0000124c [_EventWorker] (most recent call first):
  File "D:\a\yasb\yasb\venv\Lib\site-packages\qasync\_windows.py", line 147 in _poll
  File "D:\a\yasb\yasb\venv\Lib\site-packages\qasync\_windows.py", line 72 in select
  File "D:\a\yasb\yasb\venv\Lib\site-packages\qasync\_windows.py", line 199 in run

Thread 0x00000f50 [LogPipeServer] (most recent call first):
  File "D:\a\yasb\yasb\src\core\utils\win32\bindings\kernel32.py", line 288 in ConnectNamedPipe
  File "D:\a\yasb\yasb\src\core\utils\cli_server.py", line 138 in _run_server
  File "C:\hostedtoolcache\windows\Python\3.14.4\x64\Lib\threading.py", line 1024 in run
  File "C:\hostedtoolcache\windows\Python\3.14.4\x64\Lib\threading.py", line 1082 in _bootstrap_inner
  File "C:\hostedtoolcache\windows\Python\3.14.4\x64\Lib\threading.py", line 1044 in _bootstrap

Thread 0x00000920 [CLIPipeServer] (most recent call first):
  File "D:\a\yasb\yasb\src\core\utils\win32\bindings\kernel32.py", line 288 in ConnectNamedPipe
  File "D:\a\yasb\yasb\src\core\utils\cli_server.py", line 235 in _run_server
  File "C:\hostedtoolcache\windows\Python\3.14.4\x64\Lib\threading.py", line 1024 in run
  File "C:\hostedtoolcache\windows\Python\3.14.4\x64\Lib\threading.py", line 1082 in _bootstrap_inner
  File "C:\hostedtoolcache\windows\Python\3.14.4\x64\Lib\threading.py", line 1044 in _bootstrap

Thread 0x00005bbc (most recent call first):
  File "D:\a\yasb\yasb\venv\Lib\site-packages\qasync\__init__.py", line 404 in run_forever
  File "D:\a\yasb\yasb\venv\Lib\site-packages\qasync\__init__.py", line 428 in run_until_complete
  File "main.py", line 98 in main
  File "main.py", line 188 in <module>
  File "D:\a\yasb\yasb\venv\Lib\site-packages\freeze_core\initscripts\console.py", line 27 in run
  File "D:\a\yasb\yasb\venv\Lib\site-packages\freeze_core\initscripts\__startup__.py", line 137 in run

Current thread's C stack trace (most recent call first):
  <cannot get C stack on this system>
2026-08-12 08:02:34,436 [INFO] [MainThread] [root/log.py:104]: YASB v2.0.2
2026-08-12 08:02:34,436 [INFO] [CLIPipeServer] [cli_server/cli_server.py:216]: CLI server started v1.1.7
2026-08-12 08:02:34,436 [INFO] [MainThread] [cli_server/cli_server.py:106]: Log pipe server started
2026-08-12 08:02:35,043 [INFO] [MainThread] [root/service.py:52]: AudioOutputService starting...
2026-08-12 08:02:35,045 [INFO] [SystrayHook] [systray_hook/systray_hook.py:193]: Injecting into Explorer (PID: 12384)
2026-08-12 08:02:35,236 [INFO] [MainThread] [root/bar_manager.py:102]: Starting WindowsNotificationEventListener...
2026-08-12 08:02:35,237 [INFO] [MainThread] [root/watcher.py:65]: Watching directory: c:\users\lyncon.baez\.config\yasb
2026-08-12 08:02:35,237 [INFO] [MainThread] [root/watcher.py:104]: Created file watcher
2026-08-12 11:59:17,066 [ERROR] [SystrayHook] [root/app_icons.py:282]: GetIconInfo failed: 0
2026-08-12 16:42:22,548 [ERROR] [SystrayHook] [root/app_icons.py:282]: GetIconInfo failed: 0
2026-08-12 16:42:22,551 [ERROR] [SystrayHook] [root/app_icons.py:282]: GetIconInfo failed: 0
2026-08-12 17:00:58,069 [INFO] [MainThread] [root/bar_manager.py:118]: Stopping WindowsNotificationEventListener...
2026-08-13 06:57:03,019 [INFO] [MainThread] [root/log.py:104]: YASB v2.0.2
2026-08-13 06:57:03,021 [INFO] [CLIPipeServer] [cli_server/cli_server.py:216]: CLI server started v1.1.7
2026-08-13 06:57:03,022 [INFO] [MainThread] [cli_server/cli_server.py:106]: Log pipe server started
2026-08-13 06:57:04,422 [INFO] [SystrayHook] [systray_hook/systray_hook.py:193]: Injecting into Explorer (PID: 13528)
2026-08-13 06:57:04,443 [INFO] [MainThread] [root/service.py:52]: AudioOutputService starting...
2026-08-13 06:57:04,556 [INFO] [MainThread] [root/bar_manager.py:102]: Starting WindowsNotificationEventListener...
2026-08-13 06:57:04,557 [INFO] [MainThread] [root/watcher.py:65]: Watching directory: c:\users\lyncon.baez\.config\yasb
2026-08-13 06:57:04,557 [INFO] [MainThread] [root/watcher.py:104]: Created file watcher
2026-08-13 13:04:26,936 [ERROR] [SystrayHook] [root/app_icons.py:282]: GetIconInfo failed: 0
2026-08-13 13:04:26,940 [ERROR] [SystrayHook] [root/app_icons.py:282]: GetIconInfo failed: 0
2026-08-13 16:26:15,046 [ERROR] [SystrayHook] [root/app_icons.py:282]: GetIconInfo failed: 0
2026-08-13 16:26:15,049 [ERROR] [SystrayHook] [root/app_icons.py:282]: GetIconInfo failed: 0
2026-08-13 16:59:49,517 [INFO] [MainThread] [root/bar_manager.py:118]: Stopping WindowsNotificationEventListener...
2026-08-14 06:56:15,137 [INFO] [MainThread] [root/log.py:104]: YASB v2.0.2
2026-08-14 06:56:15,138 [INFO] [CLIPipeServer] [cli_server/cli_server.py:216]: CLI server started v1.1.7
2026-08-14 06:56:15,139 [INFO] [MainThread] [cli_server/cli_server.py:106]: Log pipe server started
2026-08-14 06:56:16,107 [INFO] [SystrayHook] [systray_hook/systray_hook.py:193]: Injecting into Explorer (PID: 3284)
2026-08-14 06:56:16,125 [INFO] [MainThread] [root/service.py:52]: AudioOutputService starting...
2026-08-14 06:56:16,232 [INFO] [MainThread] [root/bar_manager.py:102]: Starting WindowsNotificationEventListener...
2026-08-14 06:56:16,234 [INFO] [MainThread] [root/watcher.py:65]: Watching directory: c:\users\lyncon.baez\.config\yasb
2026-08-14 06:56:16,234 [INFO] [MainThread] [root/watcher.py:104]: Created file watcher
2026-08-14 11:54:07,110 [ERROR] [SystrayHook] [root/app_icons.py:282]: GetIconInfo failed: 0
2026-08-14 16:28:55,601 [INFO] [MainThread] [root/bar_manager.py:118]: Stopping WindowsNotificationEventListener...
2026-08-17 06:55:19,656 [INFO] [MainThread] [root/log.py:104]: YASB v2.0.2
2026-08-17 06:55:19,658 [INFO] [CLIPipeServer] [cli_server/cli_server.py:216]: CLI server started v1.1.7
2026-08-17 06:55:19,658 [INFO] [MainThread] [cli_server/cli_server.py:106]: Log pipe server started
2026-08-17 06:55:20,951 [INFO] [SystrayHook] [systray_hook/systray_hook.py:193]: Injecting into Explorer (PID: 10252)
2026-08-17 06:55:20,975 [INFO] [MainThread] [root/service.py:52]: AudioOutputService starting...
2026-08-17 06:55:21,092 [INFO] [MainThread] [root/bar_manager.py:102]: Starting WindowsNotificationEventListener...
2026-08-17 06:55:21,094 [INFO] [MainThread] [root/watcher.py:65]: Watching directory: c:\users\lyncon.baez\.config\yasb
2026-08-17 06:55:21,094 [INFO] [MainThread] [root/watcher.py:104]: Created file watcher
2026-08-17 16:59:54,570 [INFO] [MainThread] [root/bar_manager.py:118]: Stopping WindowsNotificationEventListener...
2026-08-18 06:53:54,563 [INFO] [MainThread] [root/log.py:104]: YASB v2.0.2
2026-08-18 06:53:54,565 [INFO] [CLIPipeServer] [cli_server/cli_server.py:216]: CLI server started v1.1.7
2026-08-18 06:53:54,565 [INFO] [MainThread] [cli_server/cli_server.py:106]: Log pipe server started
2026-08-18 06:53:55,789 [INFO] [SystrayHook] [systray_hook/systray_hook.py:193]: Injecting into Explorer (PID: 13680)
2026-08-18 06:53:55,808 [INFO] [MainThread] [root/service.py:52]: AudioOutputService starting...
2026-08-18 06:53:55,921 [INFO] [MainThread] [root/bar_manager.py:102]: Starting WindowsNotificationEventListener...
2026-08-18 06:53:55,922 [INFO] [MainThread] [root/watcher.py:65]: Watching directory: c:\users\lyncon.baez\.config\yasb
2026-08-18 06:53:55,922 [INFO] [MainThread] [root/watcher.py:104]: Created file watcher
2026-08-18 11:53:08,941 [ERROR] [SystrayHook] [root/app_icons.py:282]: GetIconInfo failed: 0
2026-08-18 11:57:00,729 [INFO] [MainThread] [root/bar.py:153]: Screen geometry changed. Updating position for bar primary-bar on screen DELL S3422DWG
2026-08-18 12:40:31,655 [INFO] [MainThread] [root/bar.py:153]: Screen geometry changed. Updating position for bar primary-bar on screen DELL S3422DWG
2026-08-18 13:13:17,342 [INFO] [MainThread] [root/bar_manager.py:118]: Stopping WindowsNotificationEventListener...
2026-08-19 06:57:34,220 [INFO] [MainThread] [root/log.py:104]: YASB v2.0.2
2026-08-19 06:57:34,222 [INFO] [CLIPipeServer] [cli_server/cli_server.py:216]: CLI server started v1.1.7
2026-08-19 06:57:34,222 [INFO] [MainThread] [cli_server/cli_server.py:106]: Log pipe server started
2026-08-19 06:57:35,611 [INFO] [SystrayHook] [systray_hook/systray_hook.py:193]: Injecting into Explorer (PID: 13924)
2026-08-19 06:57:35,632 [INFO] [MainThread] [root/service.py:52]: AudioOutputService starting...
2026-08-19 06:57:35,745 [INFO] [MainThread] [root/bar_manager.py:102]: Starting WindowsNotificationEventListener...
2026-08-19 06:57:35,747 [INFO] [MainThread] [root/watcher.py:65]: Watching directory: c:\users\lyncon.baez\.config\yasb
2026-08-19 06:57:35,747 [INFO] [MainThread] [root/watcher.py:104]: Created file watcher
2026-08-19 11:55:03,461 [ERROR] [SystrayHook] [root/app_icons.py:282]: GetIconInfo failed: 0
2026-08-19 11:57:32,239 [INFO] [MainThread] [root/bar.py:153]: Screen geometry changed. Updating position for bar primary-bar on screen DELL S3422DWG
2026-08-19 12:35:45,434 [INFO] [MainThread] [root/bar.py:153]: Screen geometry changed. Updating position for bar primary-bar on screen DELL S3422DWG
2026-08-19 17:04:23,046 [INFO] [MainThread] [root/bar_manager.py:118]: Stopping WindowsNotificationEventListener...
2026-08-21 07:13:16,397 [INFO] [MainThread] [root/log.py:104]: YASB v2.0.2
2026-08-21 07:13:16,399 [INFO] [CLIPipeServer] [cli_server/cli_server.py:216]: CLI server started v1.1.7
2026-08-21 07:13:16,399 [INFO] [MainThread] [cli_server/cli_server.py:106]: Log pipe server started
2026-08-21 07:13:17,638 [INFO] [SystrayHook] [systray_hook/systray_hook.py:193]: Injecting into Explorer (PID: 13480)
2026-08-21 07:13:17,657 [INFO] [MainThread] [root/service.py:52]: AudioOutputService starting...
2026-08-21 07:13:17,761 [INFO] [MainThread] [root/bar_manager.py:102]: Starting WindowsNotificationEventListener...
2026-08-21 07:13:17,762 [INFO] [MainThread] [root/watcher.py:65]: Watching directory: c:\users\lyncon.baez\.config\yasb
2026-08-21 07:13:17,762 [INFO] [MainThread] [root/watcher.py:104]: Created file watcher
2026-08-21 12:05:04,188 [INFO] [MainThread] [root/bar.py:153]: Screen geometry changed. Updating position for bar primary-bar on screen DELL S3422DWG
2026-08-21 12:42:39,914 [INFO] [MainThread] [root/bar.py:153]: Screen geometry changed. Updating position for bar primary-bar on screen DELL S3422DWG
2026-08-21 16:55:37,970 [INFO] [MainThread] [root/bar_manager.py:118]: Stopping WindowsNotificationEventListener...
2026-08-24 06:53:31,616 [INFO] [MainThread] [root/log.py:104]: YASB v2.0.2
2026-08-24 06:53:31,620 [INFO] [CLIPipeServer] [cli_server/cli_server.py:216]: CLI server started v1.1.7
2026-08-24 06:53:31,621 [INFO] [MainThread] [cli_server/cli_server.py:106]: Log pipe server started
2026-08-24 06:53:32,902 [INFO] [SystrayHook] [systray_hook/systray_hook.py:193]: Injecting into Explorer (PID: 14244)
2026-08-24 06:53:32,924 [INFO] [MainThread] [root/service.py:52]: AudioOutputService starting...
2026-08-24 06:53:33,033 [INFO] [MainThread] [root/bar_manager.py:102]: Starting WindowsNotificationEventListener...
2026-08-24 06:53:33,034 [INFO] [MainThread] [root/watcher.py:65]: Watching directory: c:\users\lyncon.baez\.config\yasb
2026-08-24 06:53:33,034 [INFO] [MainThread] [root/watcher.py:104]: Created file watcher
2026-08-24 17:02:18,082 [INFO] [MainThread] [root/bar_manager.py:118]: Stopping WindowsNotificationEventListener...
2026-08-25 07:16:12,760 [INFO] [MainThread] [root/log.py:104]: YASB v2.0.2
2026-08-25 07:16:12,761 [INFO] [CLIPipeServer] [cli_server/cli_server.py:216]: CLI server started v1.1.7
2026-08-25 07:16:12,762 [INFO] [MainThread] [cli_server/cli_server.py:106]: Log pipe server started
2026-08-25 07:16:14,034 [INFO] [SystrayHook] [systray_hook/systray_hook.py:193]: Injecting into Explorer (PID: 6204)
2026-08-25 07:16:14,054 [INFO] [MainThread] [root/service.py:52]: AudioOutputService starting...
2026-08-25 07:16:14,163 [INFO] [MainThread] [root/bar_manager.py:102]: Starting WindowsNotificationEventListener...
2026-08-25 07:16:14,164 [INFO] [MainThread] [root/watcher.py:65]: Watching directory: c:\users\lyncon.baez\.config\yasb
2026-08-25 07:16:14,164 [INFO] [MainThread] [root/watcher.py:104]: Created file watcher
2026-08-25 10:29:24,492 [WARNING] [MainThread] [glazewm_client/client.py:134]: WebSocket error: SocketError.RemoteHostClosedError. Reconnecting...
2026-08-25 11:56:41,369 [ERROR] [SystrayHook] [root/app_icons.py:282]: GetIconInfo failed: 0
2026-08-25 17:01:03,127 [INFO] [MainThread] [root/bar_manager.py:118]: Stopping WindowsNotificationEventListener...
2026-08-26 06:52:42,115 [INFO] [MainThread] [root/log.py:104]: YASB v2.0.2
2026-08-26 06:52:42,116 [INFO] [CLIPipeServer] [cli_server/cli_server.py:216]: CLI server started v1.1.7
2026-08-26 06:52:42,117 [INFO] [MainThread] [cli_server/cli_server.py:106]: Log pipe server started
2026-08-26 06:52:43,329 [INFO] [SystrayHook] [systray_hook/systray_hook.py:193]: Injecting into Explorer (PID: 9180)
2026-08-26 06:52:43,350 [INFO] [MainThread] [root/service.py:52]: AudioOutputService starting...
2026-08-26 06:52:43,457 [INFO] [MainThread] [root/bar_manager.py:102]: Starting WindowsNotificationEventListener...
2026-08-26 06:52:43,459 [INFO] [MainThread] [root/watcher.py:65]: Watching directory: c:\users\lyncon.baez\.config\yasb
2026-08-26 06:52:43,459 [INFO] [MainThread] [root/watcher.py:104]: Created file watcher
2026-08-26 17:02:25,886 [INFO] [MainThread] [root/bar_manager.py:118]: Stopping WindowsNotificationEventListener...
2026-08-27 07:02:48,575 [INFO] [MainThread] [root/log.py:104]: YASB v2.0.2
2026-08-27 07:02:48,576 [INFO] [CLIPipeServer] [cli_server/cli_server.py:216]: CLI server started v1.1.7
2026-08-27 07:02:48,577 [INFO] [MainThread] [cli_server/cli_server.py:106]: Log pipe server started
2026-08-27 07:02:49,781 [INFO] [SystrayHook] [systray_hook/systray_hook.py:193]: Injecting into Explorer (PID: 5340)
2026-08-27 07:02:49,801 [INFO] [MainThread] [root/service.py:52]: AudioOutputService starting...
2026-08-27 07:02:49,931 [INFO] [MainThread] [root/bar_manager.py:102]: Starting WindowsNotificationEventListener...
2026-08-27 07:02:49,933 [INFO] [MainThread] [root/watcher.py:65]: Watching directory: c:\users\lyncon.baez\.config\yasb
2026-08-27 07:02:49,933 [INFO] [MainThread] [root/watcher.py:104]: Created file watcher
2026-08-27 11:54:17,187 [ERROR] [SystrayHook] [root/app_icons.py:282]: GetIconInfo failed: 0
2026-08-27 16:59:48,731 [INFO] [MainThread] [root/bar_manager.py:118]: Stopping WindowsNotificationEventListener...
2026-08-28 06:57:43,485 [INFO] [MainThread] [root/log.py:104]: YASB v2.0.2
2026-08-28 06:57:43,487 [INFO] [CLIPipeServer] [cli_server/cli_server.py:216]: CLI server started v1.1.7
2026-08-28 06:57:43,488 [INFO] [MainThread] [cli_server/cli_server.py:106]: Log pipe server started
2026-08-28 06:57:45,022 [INFO] [SystrayHook] [systray_hook/systray_hook.py:193]: Injecting into Explorer (PID: 2168)
2026-08-28 06:57:45,041 [INFO] [MainThread] [root/service.py:52]: AudioOutputService starting...
2026-08-28 06:57:45,146 [INFO] [MainThread] [root/bar_manager.py:102]: Starting WindowsNotificationEventListener...
2026-08-28 06:57:45,147 [INFO] [MainThread] [root/watcher.py:65]: Watching directory: c:\users\lyncon.baez\.config\yasb
2026-08-28 06:57:45,148 [INFO] [MainThread] [root/watcher.py:104]: Created file watcher
2026-08-28 12:08:28,909 [ERROR] [SystrayHook] [root/app_icons.py:282]: GetIconInfo failed: 0
2026-08-28 16:34:53,239 [INFO] [MainThread] [root/bar_manager.py:118]: Stopping WindowsNotificationEventListener...
2026-08-31 08:02:10,724 [INFO] [MainThread] [root/log.py:104]: YASB v2.0.2
2026-08-31 08:02:10,725 [INFO] [CLIPipeServer] [cli_server/cli_server.py:216]: CLI server started v1.1.7
2026-08-31 08:02:10,726 [INFO] [MainThread] [cli_server/cli_server.py:106]: Log pipe server started
2026-08-31 08:02:12,066 [INFO] [SystrayHook] [systray_hook/systray_hook.py:193]: Injecting into Explorer (PID: 14056)
2026-08-31 08:02:12,085 [INFO] [MainThread] [root/service.py:52]: AudioOutputService starting...
2026-08-31 08:02:12,195 [INFO] [MainThread] [root/bar_manager.py:102]: Starting WindowsNotificationEventListener...
2026-08-31 08:02:12,196 [INFO] [MainThread] [root/watcher.py:65]: Watching directory: c:\users\lyncon.baez\.config\yasb
2026-08-31 08:02:12,196 [INFO] [MainThread] [root/watcher.py:104]: Created file watcher
Windows fatal exception: access violation

Thread 0x00002130 [asyncio_0] (most recent call first):
  File "C:\hostedtoolcache\windows\Python\3.14.4\x64\Lib\threading.py", line 373 in wait
  File "C:\hostedtoolcache\windows\Python\3.14.4\x64\Lib\threading.py", line 670 in wait
  File "C:\hostedtoolcache\windows\Python\3.14.4\x64\Lib\concurrent\futures\thread.py", line 73 in run
  File "C:\hostedtoolcache\windows\Python\3.14.4\x64\Lib\concurrent\futures\thread.py", line 86 in run
  File "C:\hostedtoolcache\windows\Python\3.14.4\x64\Lib\concurrent\futures\thread.py", line 119 in _worker
  File "C:\hostedtoolcache\windows\Python\3.14.4\x64\Lib\threading.py", line 1024 in run
  File "C:\hostedtoolcache\windows\Python\3.14.4\x64\Lib\threading.py", line 1082 in _bootstrap_inner
  File "C:\hostedtoolcache\windows\Python\3.14.4\x64\Lib\threading.py", line 1044 in _bootstrap

Thread 0x00005bec [Thread-5] (most recent call first):
  File "C:\hostedtoolcache\windows\Python\3.14.4\x64\Lib\threading.py", line 369 in wait
  File "C:\hostedtoolcache\windows\Python\3.14.4\x64\Lib\queue.py", line 199 in get
  File "D:\a\yasb\yasb\venv\Lib\site-packages\watchdog\observers\api.py", line 379 in dispatch_events
  File "D:\a\yasb\yasb\venv\Lib\site-packages\watchdog\observers\api.py", line 213 in run
  File "C:\hostedtoolcache\windows\Python\3.14.4\x64\Lib\threading.py", line 1082 in _bootstrap_inner
  File "C:\hostedtoolcache\windows\Python\3.14.4\x64\Lib\threading.py", line 1044 in _bootstrap

Thread 0x00005be8 [Thread-6] (most recent call first):
  File "D:\a\yasb\yasb\venv\Lib\site-packages\watchdog\observers\winapi.py", line 326 in read_directory_changes
  File "D:\a\yasb\yasb\venv\Lib\site-packages\watchdog\observers\winapi.py", line 380 in read_events
  File "D:\a\yasb\yasb\venv\Lib\site-packages\watchdog\observers\read_directory_changes.py", line 67 in _read_events
  File "D:\a\yasb\yasb\venv\Lib\site-packages\watchdog\observers\read_directory_changes.py", line 70 in queue_events
  File "D:\a\yasb\yasb\venv\Lib\site-packages\watchdog\observers\api.py", line 158 in run
  File "C:\hostedtoolcache\windows\Python\3.14.4\x64\Lib\threading.py", line 1082 in _bootstrap_inner
  File "C:\hostedtoolcache\windows\Python\3.14.4\x64\Lib\threading.py", line 1044 in _bootstrap

Thread 0x00005bc4 [WindowsNotificationEventListener] (most recent call first):
  File "C:\hostedtoolcache\windows\Python\3.14.4\x64\Lib\asyncio\windows_events.py", line 775 in _poll
  File "C:\hostedtoolcache\windows\Python\3.14.4\x64\Lib\asyncio\windows_events.py", line 446 in select
  File "C:\hostedtoolcache\windows\Python\3.14.4\x64\Lib\asyncio\base_events.py", line 2019 in _run_once
  File "C:\hostedtoolcache\windows\Python\3.14.4\x64\Lib\asyncio\base_events.py", line 677 in run_forever
  File "C:\hostedtoolcache\windows\Python\3.14.4\x64\Lib\asyncio\base_events.py", line 706 in run_until_complete
  File "D:\a\yasb\yasb\src\core\widgets\services\notifications\windows_notification.py", line 101 in run

Thread 0x00005aac [MemoryWorker] (most recent call first):
  File "D:\a\yasb\yasb\src\core\widgets\services\memory\memory_api.py", line 244 in run

Thread 0x00005aa8 [CpuWorker] (most recent call first):
  File "D:\a\yasb\yasb\src\core\widgets\services\cpu\cpu_api.py", line 318 in run

Current thread 0x00005aa4 [SystrayHook] (most recent call first):
  File "D:\a\yasb\yasb\src\core\widgets\services\systray\utils.py", line 229 in validate_icon_data
  File "D:\a\yasb\yasb\src\core\widgets\services\systray\systray_hook.py", line 319 in process_message
  File "D:\a\yasb\yasb\src\core\widgets\services\systray\systray_hook.py", line 270 in run
  File "D:\a\yasb\yasb\src\core\widgets\yasb\systray.py", line 79 in run

Thread 0x00005a20 [_EventWorker] (most recent call first):
  File "D:\a\yasb\yasb\venv\Lib\site-packages\qasync\_windows.py", line 147 in _poll
  File "D:\a\yasb\yasb\venv\Lib\site-packages\qasync\_windows.py", line 72 in select
  File "D:\a\yasb\yasb\venv\Lib\site-packages\qasync\_windows.py", line 199 in run

Thread 0x00004a00 [LogPipeServer] (most recent call first):
  File "D:\a\yasb\yasb\src\core\utils\win32\bindings\kernel32.py", line 288 in ConnectNamedPipe
  File "D:\a\yasb\yasb\src\core\utils\cli_server.py", line 138 in _run_server
  File "C:\hostedtoolcache\windows\Python\3.14.4\x64\Lib\threading.py", line 1024 in run
  File "C:\hostedtoolcache\windows\Python\3.14.4\x64\Lib\threading.py", line 1082 in _bootstrap_inner
  File "C:\hostedtoolcache\windows\Python\3.14.4\x64\Lib\threading.py", line 1044 in _bootstrap

Thread 0x000058c0 [CLIPipeServer] (most recent call first):
  File "D:\a\yasb\yasb\src\core\utils\win32\bindings\kernel32.py", line 288 in ConnectNamedPipe
  File "D:\a\yasb\yasb\src\core\utils\cli_server.py", line 235 in _run_server
  File "C:\hostedtoolcache\windows\Python\3.14.4\x64\Lib\threading.py", line 1024 in run
  File "C:\hostedtoolcache\windows\Python\3.14.4\x64\Lib\threading.py", line 1082 in _bootstrap_inner
  File "C:\hostedtoolcache\windows\Python\3.14.4\x64\Lib\threading.py", line 1044 in _bootstrap

Thread 0x00005bd0 (most recent call first):
  File "D:\a\yasb\yasb\venv\Lib\site-packages\qasync\__init__.py", line 404 in run_forever
  File "D:\a\yasb\yasb\venv\Lib\site-packages\qasync\__init__.py", line 428 in run_until_complete
  File "main.py", line 98 in main
  File "main.py", line 188 in <module>
  File "D:\a\yasb\yasb\venv\Lib\site-packages\freeze_core\initscripts\console.py", line 27 in run
  File "D:\a\yasb\yasb\venv\Lib\site-packages\freeze_core\initscripts\__startup__.py", line 137 in run

Current thread's C stack trace (most recent call first):
  <cannot get C stack on this system>
2026-09-01 06:53:34,613 [INFO] [MainThread] [root/log.py:104]: YASB v2.0.2
2026-09-01 06:53:34,615 [INFO] [CLIPipeServer] [cli_server/cli_server.py:216]: CLI server started v1.1.7
2026-09-01 06:53:34,615 [INFO] [MainThread] [cli_server/cli_server.py:106]: Log pipe server started
2026-09-01 06:53:35,854 [INFO] [SystrayHook] [systray_hook/systray_hook.py:193]: Injecting into Explorer (PID: 13436)
2026-09-01 06:53:35,873 [INFO] [MainThread] [root/service.py:52]: AudioOutputService starting...
2026-09-01 06:53:35,982 [INFO] [MainThread] [root/bar_manager.py:102]: Starting WindowsNotificationEventListener...
2026-09-01 06:53:35,983 [INFO] [MainThread] [root/watcher.py:65]: Watching directory: c:\users\lyncon.baez\.config\yasb
2026-09-01 06:53:35,983 [INFO] [MainThread] [root/watcher.py:104]: Created file watcher
2026-09-01 12:00:17,979 [ERROR] [SystrayHook] [root/app_icons.py:282]: GetIconInfo failed: 0
2026-09-01 12:01:57,443 [INFO] [MainThread] [root/bar.py:153]: Screen geometry changed. Updating position for bar primary-bar on screen DELL S3422DWG
2026-09-01 12:45:36,543 [INFO] [MainThread] [root/bar.py:153]: Screen geometry changed. Updating position for bar primary-bar on screen DELL S3422DWG
2026-09-01 16:03:35,379 [ERROR] [MainThread] [open_meteo/api.py:114]: Open-Meteo invalid JSON response: Expecting value: line 1 column 1 (char 0)
2026-09-01 16:03:35,379 [WARNING] [MainThread] [root/open_meteo.py:888]: Error processing Open-Meteo data: Weather data is empty.
2026-09-01 16:03:45,538 [ERROR] [MainThread] [open_meteo/api.py:114]: Open-Meteo invalid JSON response: Expecting value: line 1 column 1 (char 0)
2026-09-01 16:03:45,538 [WARNING] [MainThread] [root/open_meteo.py:888]: Error processing Open-Meteo data: Weather data is empty.
2026-09-01 16:03:55,694 [ERROR] [MainThread] [open_meteo/api.py:114]: Open-Meteo invalid JSON response: Expecting value: line 1 column 1 (char 0)
2026-09-01 16:03:55,694 [WARNING] [MainThread] [root/open_meteo.py:888]: Error processing Open-Meteo data: Weather data is empty.
2026-09-01 16:04:05,845 [ERROR] [MainThread] [open_meteo/api.py:114]: Open-Meteo invalid JSON response: Expecting value: line 1 column 1 (char 0)
2026-09-01 16:04:05,845 [WARNING] [MainThread] [root/open_meteo.py:888]: Error processing Open-Meteo data: Weather data is empty.
2026-09-01 17:05:51,235 [INFO] [MainThread] [root/bar_manager.py:118]: Stopping WindowsNotificationEventListener...
2026-09-02 07:01:29,530 [INFO] [MainThread] [root/log.py:104]: YASB v2.0.2
2026-09-02 07:01:29,531 [INFO] [CLIPipeServer] [cli_server/cli_server.py:216]: CLI server started v1.1.7
2026-09-02 07:01:29,531 [INFO] [MainThread] [cli_server/cli_server.py:106]: Log pipe server started
2026-09-02 07:01:30,760 [INFO] [SystrayHook] [systray_hook/systray_hook.py:193]: Injecting into Explorer (PID: 4160)
2026-09-02 07:01:30,782 [INFO] [MainThread] [root/service.py:52]: AudioOutputService starting...
2026-09-02 07:01:30,884 [INFO] [MainThread] [root/bar_manager.py:102]: Starting WindowsNotificationEventListener...
2026-09-02 07:01:30,885 [INFO] [MainThread] [root/watcher.py:65]: Watching directory: c:\users\lyncon.baez\.config\yasb
2026-09-02 07:01:30,885 [INFO] [MainThread] [root/watcher.py:104]: Created file watcher
2026-09-02 09:39:16,829 [INFO] [MainThread] [root/bar_manager.py:118]: Stopping WindowsNotificationEventListener...
2026-09-02 09:40:38,810 [INFO] [MainThread] [root/log.py:104]: YASB v2.0.2
2026-09-02 09:40:38,812 [INFO] [CLIPipeServer] [cli_server/cli_server.py:216]: CLI server started v1.1.7
2026-09-02 09:40:38,812 [INFO] [MainThread] [cli_server/cli_server.py:106]: Log pipe server started
2026-09-02 09:40:39,761 [INFO] [SystrayHook] [systray_hook/systray_hook.py:193]: Injecting into Explorer (PID: 14328)
2026-09-02 09:40:39,783 [INFO] [MainThread] [root/service.py:52]: AudioOutputService starting...
2026-09-02 09:40:39,906 [INFO] [MainThread] [root/bar_manager.py:102]: Starting WindowsNotificationEventListener...
2026-09-02 09:40:39,908 [INFO] [MainThread] [root/watcher.py:65]: Watching directory: c:\users\lyncon.baez\.config\yasb
2026-09-02 09:40:39,908 [INFO] [MainThread] [root/watcher.py:104]: Created file watcher
Windows fatal exception: code 0x8001010e

Thread 0x00000934 [asyncio_0] (most recent call first):
  File "C:\hostedtoolcache\windows\Python\3.14.4\x64\Lib\threading.py", line 373 in wait
  File "C:\hostedtoolcache\windows\Python\3.14.4\x64\Lib\threading.py", line 670 in wait
  File "C:\hostedtoolcache\windows\Python\3.14.4\x64\Lib\concurrent\futures\thread.py", line 73 in run
  File "C:\hostedtoolcache\windows\Python\3.14.4\x64\Lib\concurrent\futures\thread.py", line 86 in run
  File "C:\hostedtoolcache\windows\Python\3.14.4\x64\Lib\concurrent\futures\thread.py", line 119 in _worker
  File "C:\hostedtoolcache\windows\Python\3.14.4\x64\Lib\threading.py", line 1024 in run
  File "C:\hostedtoolcache\windows\Python\3.14.4\x64\Lib\threading.py", line 1082 in _bootstrap_inner
  File "C:\hostedtoolcache\windows\Python\3.14.4\x64\Lib\threading.py", line 1044 in _bootstrap

Thread 0x00000d34 [Thread-5] (most recent call first):
  File "C:\hostedtoolcache\windows\Python\3.14.4\x64\Lib\threading.py", line 369 in wait
  File "C:\hostedtoolcache\windows\Python\3.14.4\x64\Lib\queue.py", line 199 in get
  File "D:\a\yasb\yasb\venv\Lib\site-packages\watchdog\observers\api.py", line 379 in dispatch_events
  File "D:\a\yasb\yasb\venv\Lib\site-packages\watchdog\observers\api.py", line 213 in run
  File "C:\hostedtoolcache\windows\Python\3.14.4\x64\Lib\threading.py", line 1082 in _bootstrap_inner
  File "C:\hostedtoolcache\windows\Python\3.14.4\x64\Lib\threading.py", line 1044 in _bootstrap

Thread 0x00000c9c [Thread-6] (most recent call first):
  File "D:\a\yasb\yasb\venv\Lib\site-packages\watchdog\observers\winapi.py", line 326 in read_directory_changes
  File "D:\a\yasb\yasb\venv\Lib\site-packages\watchdog\observers\winapi.py", line 380 in read_events
  File "D:\a\yasb\yasb\venv\Lib\site-packages\watchdog\observers\read_directory_changes.py", line 67 in _read_events
  File "D:\a\yasb\yasb\venv\Lib\site-packages\watchdog\observers\read_directory_changes.py", line 70 in queue_events
  File "D:\a\yasb\yasb\venv\Lib\site-packages\watchdog\observers\api.py", line 158 in run
  File "C:\hostedtoolcache\windows\Python\3.14.4\x64\Lib\threading.py", line 1082 in _bootstrap_inner
  File "C:\hostedtoolcache\windows\Python\3.14.4\x64\Lib\threading.py", line 1044 in _bootstrap

Thread 0x00002e2c [WindowsNotificationEventListener] (most recent call first):
  File "C:\hostedtoolcache\windows\Python\3.14.4\x64\Lib\asyncio\windows_events.py", line 775 in _poll
  File "C:\hostedtoolcache\windows\Python\3.14.4\x64\Lib\asyncio\windows_events.py", line 446 in select
  File "C:\hostedtoolcache\windows\Python\3.14.4\x64\Lib\asyncio\base_events.py", line 2019 in _run_once
  File "C:\hostedtoolcache\windows\Python\3.14.4\x64\Lib\asyncio\base_events.py", line 677 in run_forever
  File "C:\hostedtoolcache\windows\Python\3.14.4\x64\Lib\asyncio\base_events.py", line 706 in run_until_complete
  File "D:\a\yasb\yasb\src\core\widgets\services\notifications\windows_notification.py", line 101 in run

Thread 0x00002070 [MemoryWorker] (most recent call first):
  File "D:\a\yasb\yasb\src\core\widgets\services\memory\memory_api.py", line 244 in run

Thread 0x000016a0 [CpuWorker] (most recent call first):
  File "D:\a\yasb\yasb\src\core\widgets\services\cpu\cpu_api.py", line 318 in run

Thread 0x00004a58 [SystrayHook] (most recent call first):
  File "D:\a\yasb\yasb\src\core\widgets\services\systray\systray_hook.py", line 247 in run
  File "D:\a\yasb\yasb\src\core\widgets\yasb\systray.py", line 79 in run

Thread 0x00001a50 [_EventWorker] (most recent call first):
  File "D:\a\yasb\yasb\venv\Lib\site-packages\qasync\_windows.py", line 147 in _poll
  File "D:\a\yasb\yasb\venv\Lib\site-packages\qasync\_windows.py", line 72 in select
  File "D:\a\yasb\yasb\venv\Lib\site-packages\qasync\_windows.py", line 199 in run

Thread 0x000018ac [LogPipeServer] (most recent call first):
  File "D:\a\yasb\yasb\src\core\utils\win32\bindings\kernel32.py", line 288 in ConnectNamedPipe
  File "D:\a\yasb\yasb\src\core\utils\cli_server.py", line 138 in _run_server
  File "C:\hostedtoolcache\windows\Python\3.14.4\x64\Lib\threading.py", line 1024 in run
  File "C:\hostedtoolcache\windows\Python\3.14.4\x64\Lib\threading.py", line 1082 in _bootstrap_inner
  File "C:\hostedtoolcache\windows\Python\3.14.4\x64\Lib\threading.py", line 1044 in _bootstrap

Thread 0x00001818 [CLIPipeServer] (most recent call first):
  File "D:\a\yasb\yasb\src\core\utils\win32\bindings\kernel32.py", line 288 in ConnectNamedPipe
  File "D:\a\yasb\yasb\src\core\utils\cli_server.py", line 235 in _run_server
  File "C:\hostedtoolcache\windows\Python\3.14.4\x64\Lib\threading.py", line 1024 in run
  File "C:\hostedtoolcache\windows\Python\3.14.4\x64\Lib\threading.py", line 1082 in _bootstrap_inner
  File "C:\hostedtoolcache\windows\Python\3.14.4\x64\Lib\threading.py", line 1044 in _bootstrap

Current thread 0x00000be4 (most recent call first):
  File "D:\a\yasb\yasb\src\core\widgets\services\media\media.py", line 172 in _on_current_session_changed
  File "C:\hostedtoolcache\windows\Python\3.14.4\x64\Lib\asyncio\events.py", line 94 in _run
  File "D:\a\yasb\yasb\venv\Lib\site-packages\qasync\__init__.py", line 307 in timerEvent
  File "D:\a\yasb\yasb\venv\Lib\site-packages\qasync\__init__.py", line 404 in run_forever
  File "D:\a\yasb\yasb\venv\Lib\site-packages\qasync\__init__.py", line 428 in run_until_complete
  File "main.py", line 98 in main
  File "main.py", line 188 in <module>
  File "D:\a\yasb\yasb\venv\Lib\site-packages\freeze_core\initscripts\console.py", line 27 in run
  File "D:\a\yasb\yasb\venv\Lib\site-packages\freeze_core\initscripts\__startup__.py", line 137 in run

Current thread's C stack trace (most recent call first):
  <cannot get C stack on this system>
2026-09-02 10:06:48,727 [INFO] [MainThread] [root/bar_manager.py:118]: Stopping WindowsNotificationEventListener...
2026-09-02 10:08:04,874 [INFO] [MainThread] [root/log.py:104]: YASB v2.0.2
2026-09-02 10:08:04,875 [INFO] [CLIPipeServer] [cli_server/cli_server.py:216]: CLI server started v1.1.7
2026-09-02 10:08:04,875 [INFO] [MainThread] [cli_server/cli_server.py:106]: Log pipe server started
2026-09-02 10:08:06,123 [INFO] [SystrayHook] [systray_hook/systray_hook.py:193]: Injecting into Explorer (PID: 12508)
2026-09-02 10:08:06,142 [INFO] [MainThread] [root/service.py:52]: AudioOutputService starting...
2026-09-02 10:08:06,257 [INFO] [MainThread] [root/bar_manager.py:102]: Starting WindowsNotificationEventListener...
2026-09-02 10:08:06,258 [INFO] [MainThread] [root/watcher.py:65]: Watching directory: c:\users\lyncon.baez\.config\yasb
2026-09-02 10:08:06,258 [INFO] [MainThread] [root/watcher.py:104]: Created file watcher
2026-09-02 10:18:07,097 [ERROR] [MainThread] [open_meteo/api.py:111]: Open-Meteo response error 500: InternalServerError 401
2026-09-02 10:18:07,097 [WARNING] [MainThread] [root/open_meteo.py:888]: Error processing Open-Meteo data: Weather data is empty.
2026-09-02 10:18:17,248 [ERROR] [MainThread] [open_meteo/api.py:111]: Open-Meteo response error 500: InternalServerError 401
2026-09-02 10:18:17,248 [WARNING] [MainThread] [root/open_meteo.py:888]: Error processing Open-Meteo data: Weather data is empty.
2026-09-02 15:58:06,392 [ERROR] [MainThread] [open_meteo/api.py:111]: Open-Meteo response error 503: ServiceUnavailableError 403
2026-09-02 15:58:06,392 [WARNING] [MainThread] [root/open_meteo.py:888]: Error processing Open-Meteo data: Weather data is empty.
2026-09-02 15:58:16,547 [ERROR] [MainThread] [open_meteo/api.py:111]: Open-Meteo response error 503: ServiceUnavailableError 403
2026-09-02 15:58:16,547 [WARNING] [MainThread] [root/open_meteo.py:888]: Error processing Open-Meteo data: Weather data is empty.
2026-09-02 15:58:26,702 [ERROR] [MainThread] [open_meteo/api.py:111]: Open-Meteo response error 503: ServiceUnavailableError 403
2026-09-02 15:58:26,702 [WARNING] [MainThread] [root/open_meteo.py:888]: Error processing Open-Meteo data: Weather data is empty.
2026-09-02 15:58:36,855 [ERROR] [MainThread] [open_meteo/api.py:111]: Open-Meteo response error 503: ServiceUnavailableError 403
2026-09-02 15:58:36,855 [WARNING] [MainThread] [root/open_meteo.py:888]: Error processing Open-Meteo data: Weather data is empty.
2026-09-02 16:40:16,289 [INFO] [MainThread] [root/bar_manager.py:118]: Stopping WindowsNotificationEventListener...
2026-09-02 16:41:36,456 [INFO] [MainThread] [root/log.py:104]: YASB v2.0.2
2026-09-02 16:41:36,457 [INFO] [CLIPipeServer] [cli_server/cli_server.py:216]: CLI server started v1.1.7
2026-09-02 16:41:36,458 [INFO] [MainThread] [cli_server/cli_server.py:106]: Log pipe server started
2026-09-02 16:41:37,440 [INFO] [SystrayHook] [systray_hook/systray_hook.py:193]: Injecting into Explorer (PID: 13480)
2026-09-02 16:41:37,460 [INFO] [MainThread] [root/service.py:52]: AudioOutputService starting...
2026-09-02 16:41:37,586 [INFO] [MainThread] [root/bar_manager.py:102]: Starting WindowsNotificationEventListener...
2026-09-02 16:41:37,587 [INFO] [MainThread] [root/watcher.py:65]: Watching directory: c:\users\lyncon.baez\.config\yasb
2026-09-02 16:41:37,587 [INFO] [MainThread] [root/watcher.py:104]: Created file watcher
2026-09-02 17:04:14,503 [INFO] [MainThread] [root/bar_manager.py:118]: Stopping WindowsNotificationEventListener...
2026-09-03 06:51:35,381 [INFO] [MainThread] [root/log.py:104]: YASB v2.0.2
2026-09-03 06:51:35,384 [INFO] [CLIPipeServer] [cli_server/cli_server.py:216]: CLI server started v1.1.7
2026-09-03 06:51:35,384 [INFO] [MainThread] [cli_server/cli_server.py:106]: Log pipe server started
2026-09-03 06:51:36,742 [INFO] [SystrayHook] [systray_hook/systray_hook.py:193]: Injecting into Explorer (PID: 13612)
2026-09-03 06:51:36,751 [INFO] [MainThread] [root/service.py:52]: AudioOutputService starting...
2026-09-03 06:51:36,861 [INFO] [MainThread] [root/bar_manager.py:102]: Starting WindowsNotificationEventListener...
2026-09-03 06:51:36,863 [INFO] [MainThread] [root/watcher.py:65]: Watching directory: c:\users\lyncon.baez\.config\yasb
2026-09-03 06:51:36,863 [INFO] [MainThread] [root/watcher.py:104]: Created file watcher
2026-09-03 07:01:37,678 [ERROR] [MainThread] [open_meteo/api.py:111]: Open-Meteo response error 500: InternalServerError 401
2026-09-03 07:01:37,678 [WARNING] [MainThread] [root/open_meteo.py:888]: Error processing Open-Meteo data: Weather data is empty.
2026-09-03 17:03:55,947 [INFO] [MainThread] [root/bar_manager.py:118]: Stopping WindowsNotificationEventListener...
2026-09-04 07:03:12,690 [INFO] [MainThread] [root/log.py:104]: YASB v2.0.2
2026-09-04 07:03:12,692 [INFO] [CLIPipeServer] [cli_server/cli_server.py:216]: CLI server started v1.1.7
2026-09-04 07:03:12,692 [INFO] [MainThread] [cli_server/cli_server.py:106]: Log pipe server started
2026-09-04 07:03:14,081 [INFO] [SystrayHook] [systray_hook/systray_hook.py:193]: Injecting into Explorer (PID: 13884)
2026-09-04 07:03:14,097 [INFO] [MainThread] [root/service.py:52]: AudioOutputService starting...
2026-09-04 07:03:14,195 [INFO] [MainThread] [root/bar_manager.py:102]: Starting WindowsNotificationEventListener...
2026-09-04 07:03:14,196 [INFO] [MainThread] [root/watcher.py:65]: Watching directory: c:\users\lyncon.baez\.config\yasb
2026-09-04 07:03:14,196 [INFO] [MainThread] [root/watcher.py:104]: Created file watcher
2026-09-04 11:36:45,719 [INFO] [MainThread] [root/bar_manager.py:118]: Stopping WindowsNotificationEventListener...
2026-09-23 07:58:32,712 [INFO] [MainThread] [root/log.py:104]: YASB v2.0.2
2026-09-23 07:58:32,714 [INFO] [CLIPipeServer] [cli_server/cli_server.py:216]: CLI server started v1.1.7
2026-09-23 07:58:32,714 [INFO] [MainThread] [cli_server/cli_server.py:106]: Log pipe server started
2026-09-23 07:58:33,872 [INFO] [MainThread] [root/service.py:52]: AudioOutputService starting...
2026-09-23 07:58:33,875 [INFO] [SystrayHook] [systray_hook/systray_hook.py:193]: Injecting into Explorer (PID: 11812)
2026-09-23 07:58:33,975 [INFO] [MainThread] [root/bar_manager.py:102]: Starting WindowsNotificationEventListener...
2026-09-23 07:58:33,977 [INFO] [MainThread] [root/watcher.py:65]: Watching directory: c:\users\lyncon.baez\.config\yasb
2026-09-23 07:58:33,977 [INFO] [MainThread] [root/watcher.py:104]: Created file watcher
2026-09-23 12:04:20,997 [ERROR] [SystrayHook] [root/app_icons.py:282]: GetIconInfo failed: 0
Windows fatal exception: access violation

Thread 0x00005e80 [asyncio_0] (most recent call first):
  File "C:\hostedtoolcache\windows\Python\3.14.4\x64\Lib\threading.py", line 373 in wait
  File "C:\hostedtoolcache\windows\Python\3.14.4\x64\Lib\threading.py", line 670 in wait
  File "C:\hostedtoolcache\windows\Python\3.14.4\x64\Lib\concurrent\futures\thread.py", line 73 in run
  File "C:\hostedtoolcache\windows\Python\3.14.4\x64\Lib\concurrent\futures\thread.py", line 86 in run
  File "C:\hostedtoolcache\windows\Python\3.14.4\x64\Lib\concurrent\futures\thread.py", line 119 in _worker
  File "C:\hostedtoolcache\windows\Python\3.14.4\x64\Lib\threading.py", line 1024 in run
  File "C:\hostedtoolcache\windows\Python\3.14.4\x64\Lib\threading.py", line 1082 in _bootstrap_inner
  File "C:\hostedtoolcache\windows\Python\3.14.4\x64\Lib\threading.py", line 1044 in _bootstrap

Thread 0x00002d38 [Thread-5] (most recent call first):
  File "C:\hostedtoolcache\windows\Python\3.14.4\x64\Lib\threading.py", line 369 in wait
  File "C:\hostedtoolcache\windows\Python\3.14.4\x64\Lib\queue.py", line 199 in get
  File "D:\a\yasb\yasb\venv\Lib\site-packages\watchdog\observers\api.py", line 379 in dispatch_events
  File "D:\a\yasb\yasb\venv\Lib\site-packages\watchdog\observers\api.py", line 213 in run
  File "C:\hostedtoolcache\windows\Python\3.14.4\x64\Lib\threading.py", line 1082 in _bootstrap_inner
  File "C:\hostedtoolcache\windows\Python\3.14.4\x64\Lib\threading.py", line 1044 in _bootstrap

Thread 0x00001020 [Thread-6] (most recent call first):
  File "D:\a\yasb\yasb\venv\Lib\site-packages\watchdog\observers\winapi.py", line 326 in read_directory_changes
  File "D:\a\yasb\yasb\venv\Lib\site-packages\watchdog\observers\winapi.py", line 380 in read_events
  File "D:\a\yasb\yasb\venv\Lib\site-packages\watchdog\observers\read_directory_changes.py", line 67 in _read_events
  File "D:\a\yasb\yasb\venv\Lib\site-packages\watchdog\observers\read_directory_changes.py", line 70 in queue_events
  File "D:\a\yasb\yasb\venv\Lib\site-packages\watchdog\observers\api.py", line 158 in run
  File "C:\hostedtoolcache\windows\Python\3.14.4\x64\Lib\threading.py", line 1082 in _bootstrap_inner
  File "C:\hostedtoolcache\windows\Python\3.14.4\x64\Lib\threading.py", line 1044 in _bootstrap

Thread 0x00005ea4 [WindowsNotificationEventListener] (most recent call first):
  File "C:\hostedtoolcache\windows\Python\3.14.4\x64\Lib\asyncio\windows_events.py", line 775 in _poll
  File "C:\hostedtoolcache\windows\Python\3.14.4\x64\Lib\asyncio\windows_events.py", line 446 in select
  File "C:\hostedtoolcache\windows\Python\3.14.4\x64\Lib\asyncio\base_events.py", line 2019 in _run_once
  File "C:\hostedtoolcache\windows\Python\3.14.4\x64\Lib\asyncio\base_events.py", line 677 in run_forever
  File "C:\hostedtoolcache\windows\Python\3.14.4\x64\Lib\asyncio\base_events.py", line 706 in run_until_complete
  File "D:\a\yasb\yasb\src\core\widgets\services\notifications\windows_notification.py", line 101 in run

Thread 0x00005e90 [MemoryWorker] (most recent call first):
  File "D:\a\yasb\yasb\src\core\widgets\services\memory\memory_api.py", line 244 in run

Thread 0x00001abc [CpuWorker] (most recent call first):
  File "D:\a\yasb\yasb\src\core\widgets\services\cpu\cpu_api.py", line 318 in run

Current thread 0x00001b10 [SystrayHook] (most recent call first):
  File "D:\a\yasb\yasb\src\core\widgets\services\systray\utils.py", line 229 in validate_icon_data
  File "D:\a\yasb\yasb\src\core\widgets\services\systray\systray_hook.py", line 319 in process_message
  File "D:\a\yasb\yasb\src\core\widgets\services\systray\systray_hook.py", line 270 in run
  File "D:\a\yasb\yasb\src\core\widgets\yasb\systray.py", line 79 in run

Thread 0x00005d34 [_EventWorker] (most recent call first):
  File "D:\a\yasb\yasb\venv\Lib\site-packages\qasync\_windows.py", line 147 in _poll
  File "D:\a\yasb\yasb\venv\Lib\site-packages\qasync\_windows.py", line 72 in select
  File "D:\a\yasb\yasb\venv\Lib\site-packages\qasync\_windows.py", line 199 in run

Thread 0x00005c0c [LogPipeServer] (most recent call first):
  File "D:\a\yasb\yasb\src\core\utils\win32\bindings\kernel32.py", line 288 in ConnectNamedPipe
  File "D:\a\yasb\yasb\src\core\utils\cli_server.py", line 138 in _run_server
  File "C:\hostedtoolcache\windows\Python\3.14.4\x64\Lib\threading.py", line 1024 in run
  File "C:\hostedtoolcache\windows\Python\3.14.4\x64\Lib\threading.py", line 1082 in _bootstrap_inner
  File "C:\hostedtoolcache\windows\Python\3.14.4\x64\Lib\threading.py", line 1044 in _bootstrap

Thread 0x00000f1c [CLIPipeServer] (most recent call first):
  File "D:\a\yasb\yasb\src\core\utils\win32\bindings\kernel32.py", line 288 in ConnectNamedPipe
  File "D:\a\yasb\yasb\src\core\utils\cli_server.py", line 235 in _run_server
  File "C:\hostedtoolcache\windows\Python\3.14.4\x64\Lib\threading.py", line 1024 in run
  File "C:\hostedtoolcache\windows\Python\3.14.4\x64\Lib\threading.py", line 1082 in _bootstrap_inner
  File "C:\hostedtoolcache\windows\Python\3.14.4\x64\Lib\threading.py", line 1044 in _bootstrap

Thread 0x000049f8 (most recent call first):
  File "D:\a\yasb\yasb\venv\Lib\site-packages\qasync\__init__.py", line 404 in run_forever
  File "D:\a\yasb\yasb\venv\Lib\site-packages\qasync\__init__.py", line 428 in run_until_complete
  File "main.py", line 98 in main
  File "main.py", line 188 in <module>
  File "D:\a\yasb\yasb\venv\Lib\site-packages\freeze_core\initscripts\console.py", line 27 in run
  File "D:\a\yasb\yasb\venv\Lib\site-packages\freeze_core\initscripts\__startup__.py", line 137 in run

Current thread's C stack trace (most recent call first):
  <cannot get C stack on this system>
2026-09-23 13:09:04,559 [INFO] [MainThread] [root/log.py:104]: YASB v2.0.2
2026-09-23 13:09:04,560 [INFO] [CLIPipeServer] [cli_server/cli_server.py:216]: CLI server started v1.1.7
2026-09-23 13:09:04,560 [INFO] [MainThread] [cli_server/cli_server.py:106]: Log pipe server started
2026-09-23 13:09:04,951 [INFO] [MainThread] [root/service.py:52]: AudioOutputService starting...
2026-09-23 13:09:05,003 [INFO] [SystrayHook] [systray_hook/systray_hook.py:193]: Injecting into Explorer (PID: 11812)
2026-09-23 13:09:05,181 [INFO] [MainThread] [root/bar_manager.py:102]: Starting WindowsNotificationEventListener...
2026-09-23 13:09:05,182 [INFO] [MainThread] [root/watcher.py:65]: Watching directory: c:\users\lyncon.baez\.config\yasb
2026-09-23 13:09:05,182 [INFO] [MainThread] [root/watcher.py:104]: Created file watcher
2026-09-23 14:39:06,016 [ERROR] [MainThread] [open_meteo/api.py:111]: Open-Meteo response error 503: ServiceUnavailableError 403
2026-09-23 14:39:06,016 [WARNING] [MainThread] [root/open_meteo.py:888]: Error processing Open-Meteo data: Weather data is empty.
2026-09-23 14:39:16,165 [ERROR] [MainThread] [open_meteo/api.py:111]: Open-Meteo response error 503: ServiceUnavailableError 403
2026-09-23 14:39:16,165 [WARNING] [MainThread] [root/open_meteo.py:888]: Error processing Open-Meteo data: Weather data is empty.
2026-09-23 14:39:26,312 [ERROR] [MainThread] [open_meteo/api.py:111]: Open-Meteo response error 503: ServiceUnavailableError 403
2026-09-23 14:39:26,312 [WARNING] [MainThread] [root/open_meteo.py:888]: Error processing Open-Meteo data: Weather data is empty.
2026-09-23 17:16:07,150 [INFO] [MainThread] [root/bar_manager.py:118]: Stopping WindowsNotificationEventListener...
2026-09-24 07:59:30,810 [INFO] [MainThread] [root/log.py:104]: YASB v2.0.2
2026-09-24 07:59:30,812 [INFO] [CLIPipeServer] [cli_server/cli_server.py:216]: CLI server started v1.1.7
2026-09-24 07:59:30,813 [INFO] [MainThread] [cli_server/cli_server.py:106]: Log pipe server started
2026-09-24 07:59:31,980 [INFO] [SystrayHook] [systray_hook/systray_hook.py:193]: Injecting into Explorer (PID: 13888)
2026-09-24 07:59:31,992 [INFO] [MainThread] [root/service.py:52]: AudioOutputService starting...
2026-09-24 07:59:32,098 [INFO] [MainThread] [root/bar_manager.py:102]: Starting WindowsNotificationEventListener...
2026-09-24 07:59:32,099 [INFO] [MainThread] [root/watcher.py:65]: Watching directory: c:\users\lyncon.baez\.config\yasb
2026-09-24 07:59:32,099 [INFO] [MainThread] [root/watcher.py:104]: Created file watcher
2026-09-24 07:59:40,179 [WARNING] [MainThread] [glazewm_client/client.py:134]: WebSocket error: SocketError.ConnectionRefusedError. Reconnecting...
2026-09-24 17:10:31,659 [INFO] [MainThread] [root/bar_manager.py:118]: Stopping WindowsNotificationEventListener...
2026-09-25 07:53:47,915 [INFO] [MainThread] [root/log.py:104]: YASB v2.0.2
2026-09-25 07:53:47,917 [INFO] [CLIPipeServer] [cli_server/cli_server.py:216]: CLI server started v1.1.7
2026-09-25 07:53:47,918 [INFO] [MainThread] [cli_server/cli_server.py:106]: Log pipe server started
2026-09-25 07:53:49,085 [INFO] [SystrayHook] [systray_hook/systray_hook.py:193]: Injecting into Explorer (PID: 12216)
2026-09-25 07:53:49,103 [INFO] [MainThread] [root/service.py:52]: AudioOutputService starting...
2026-09-25 07:53:49,201 [INFO] [MainThread] [root/bar_manager.py:102]: Starting WindowsNotificationEventListener...
2026-09-25 07:53:49,202 [INFO] [MainThread] [root/watcher.py:65]: Watching directory: c:\users\lyncon.baez\.config\yasb
2026-09-25 07:53:49,202 [INFO] [MainThread] [root/watcher.py:104]: Created file watcher
2026-09-25 08:20:40,791 [INFO] [MainThread] [root/bar_manager.py:118]: Stopping WindowsNotificationEventListener...
2026-09-25 08:22:25,815 [INFO] [MainThread] [root/log.py:104]: YASB v2.0.2
2026-09-25 08:22:25,817 [INFO] [CLIPipeServer] [cli_server/cli_server.py:216]: CLI server started v1.1.7
2026-09-25 08:22:25,817 [INFO] [MainThread] [cli_server/cli_server.py:106]: Log pipe server started
2026-09-25 08:22:27,034 [INFO] [SystrayHook] [systray_hook/systray_hook.py:193]: Injecting into Explorer (PID: 13956)
2026-09-25 08:22:27,050 [INFO] [MainThread] [root/service.py:52]: AudioOutputService starting...
2026-09-25 08:22:27,150 [INFO] [MainThread] [root/bar_manager.py:102]: Starting WindowsNotificationEventListener...
2026-09-25 08:22:27,152 [INFO] [MainThread] [root/watcher.py:65]: Watching directory: c:\users\lyncon.baez\.config\yasb
2026-09-25 08:22:27,152 [INFO] [MainThread] [root/watcher.py:104]: Created file watcher
2026-09-25 09:24:32,031 [WARNING] [MainThread] [glazewm_client/client.py:134]: WebSocket error: SocketError.RemoteHostClosedError. Reconnecting...
Windows fatal exception: access violation

Thread 0x00005a4c [asyncio_0] (most recent call first):
  File "C:\hostedtoolcache\windows\Python\3.14.4\x64\Lib\concurrent\futures\thread.py", line 116 in _worker
  File "C:\hostedtoolcache\windows\Python\3.14.4\x64\Lib\threading.py", line 1024 in run
  File "C:\hostedtoolcache\windows\Python\3.14.4\x64\Lib\threading.py", line 1082 in _bootstrap_inner
  File "C:\hostedtoolcache\windows\Python\3.14.4\x64\Lib\threading.py", line 1044 in _bootstrap

Thread 0x00005a18 [Thread-5] (most recent call first):
  File "C:\hostedtoolcache\windows\Python\3.14.4\x64\Lib\threading.py", line 369 in wait
  File "C:\hostedtoolcache\windows\Python\3.14.4\x64\Lib\queue.py", line 199 in get
  File "D:\a\yasb\yasb\venv\Lib\site-packages\watchdog\observers\api.py", line 379 in dispatch_events
  File "D:\a\yasb\yasb\venv\Lib\site-packages\watchdog\observers\api.py", line 213 in run
  File "C:\hostedtoolcache\windows\Python\3.14.4\x64\Lib\threading.py", line 1082 in _bootstrap_inner
  File "C:\hostedtoolcache\windows\Python\3.14.4\x64\Lib\threading.py", line 1044 in _bootstrap

Thread 0x00005a14 [Thread-6] (most recent call first):
  File "D:\a\yasb\yasb\venv\Lib\site-packages\watchdog\observers\winapi.py", line 326 in read_directory_changes
  File "D:\a\yasb\yasb\venv\Lib\site-packages\watchdog\observers\winapi.py", line 380 in read_events
  File "D:\a\yasb\yasb\venv\Lib\site-packages\watchdog\observers\read_directory_changes.py", line 67 in _read_events
  File "D:\a\yasb\yasb\venv\Lib\site-packages\watchdog\observers\read_directory_changes.py", line 70 in queue_events
  File "D:\a\yasb\yasb\venv\Lib\site-packages\watchdog\observers\api.py", line 158 in run
  File "C:\hostedtoolcache\windows\Python\3.14.4\x64\Lib\threading.py", line 1082 in _bootstrap_inner
  File "C:\hostedtoolcache\windows\Python\3.14.4\x64\Lib\threading.py", line 1044 in _bootstrap

Thread 0x00005a10 [WindowsNotificationEventListener] (most recent call first):
  File "C:\hostedtoolcache\windows\Python\3.14.4\x64\Lib\asyncio\windows_events.py", line 775 in _poll
  File "C:\hostedtoolcache\windows\Python\3.14.4\x64\Lib\asyncio\windows_events.py", line 446 in select
  File "C:\hostedtoolcache\windows\Python\3.14.4\x64\Lib\asyncio\base_events.py", line 2019 in _run_once
  File "C:\hostedtoolcache\windows\Python\3.14.4\x64\Lib\asyncio\base_events.py", line 677 in run_forever
  File "C:\hostedtoolcache\windows\Python\3.14.4\x64\Lib\asyncio\base_events.py", line 706 in run_until_complete
  File "D:\a\yasb\yasb\src\core\widgets\services\notifications\windows_notification.py", line 101 in run

Thread 0x000059f0 [MemoryWorker] (most recent call first):
  File "D:\a\yasb\yasb\src\core\widgets\services\memory\memory_api.py", line 244 in run

Thread 0x000059ec [CpuWorker] (most recent call first):
  File "D:\a\yasb\yasb\src\core\widgets\services\cpu\cpu_api.py", line 318 in run

Current thread 0x000059e8 [SystrayHook] (most recent call first):
  File "D:\a\yasb\yasb\src\core\widgets\services\systray\utils.py", line 229 in validate_icon_data
  File "D:\a\yasb\yasb\src\core\widgets\services\systray\systray_hook.py", line 319 in process_message
  File "D:\a\yasb\yasb\src\core\widgets\services\systray\systray_hook.py", line 270 in run
  File "D:\a\yasb\yasb\src\core\widgets\yasb\systray.py", line 79 in run

Thread 0x000056b4 [_EventWorker] (most recent call first):
  File "D:\a\yasb\yasb\venv\Lib\site-packages\qasync\_windows.py", line 147 in _poll
  File "D:\a\yasb\yasb\venv\Lib\site-packages\qasync\_windows.py", line 72 in select
  File "D:\a\yasb\yasb\venv\Lib\site-packages\qasync\_windows.py", line 199 in run

Thread 0x00005688 [LogPipeServer] (most recent call first):
  File "D:\a\yasb\yasb\src\core\utils\win32\bindings\kernel32.py", line 288 in ConnectNamedPipe
  File "D:\a\yasb\yasb\src\core\utils\cli_server.py", line 138 in _run_server
  File "C:\hostedtoolcache\windows\Python\3.14.4\x64\Lib\threading.py", line 1024 in run
  File "C:\hostedtoolcache\windows\Python\3.14.4\x64\Lib\threading.py", line 1082 in _bootstrap_inner
  File "C:\hostedtoolcache\windows\Python\3.14.4\x64\Lib\threading.py", line 1044 in _bootstrap

Thread 0x0000568c [CLIPipeServer] (most recent call first):
  File "D:\a\yasb\yasb\src\core\utils\win32\bindings\kernel32.py", line 288 in ConnectNamedPipe
  File "D:\a\yasb\yasb\src\core\utils\cli_server.py", line 235 in _run_server
  File "C:\hostedtoolcache\windows\Python\3.14.4\x64\Lib\threading.py", line 1024 in run
  File "C:\hostedtoolcache\windows\Python\3.14.4\x64\Lib\threading.py", line 1082 in _bootstrap_inner
  File "C:\hostedtoolcache\windows\Python\3.14.4\x64\Lib\threading.py", line 1044 in _bootstrap

Thread 0x00005628 (most recent call first):
  File "D:\a\yasb\yasb\venv\Lib\site-packages\qasync\__init__.py", line 404 in run_forever
  File "D:\a\yasb\yasb\venv\Lib\site-packages\qasync\__init__.py", line 428 in run_until_complete
  File "main.py", line 98 in main
  File "main.py", line 188 in <module>
  File "D:\a\yasb\yasb\venv\Lib\site-packages\freeze_core\initscripts\console.py", line 27 in run
  File "D:\a\yasb\yasb\venv\Lib\site-packages\freeze_core\initscripts\__startup__.py", line 137 in run

Current thread's C stack trace (most recent call first):
  <cannot get C stack on this system>
2026-09-25 11:55:10,600 [INFO] [MainThread] [root/log.py:104]: YASB v2.0.2
2026-09-25 11:55:10,600 [INFO] [CLIPipeServer] [cli_server/cli_server.py:216]: CLI server started v1.1.7
2026-09-25 11:55:10,601 [INFO] [MainThread] [cli_server/cli_server.py:106]: Log pipe server started
2026-09-25 11:55:11,204 [INFO] [MainThread] [root/service.py:52]: AudioOutputService starting...
2026-09-25 11:55:11,229 [INFO] [SystrayHook] [systray_hook/systray_hook.py:193]: Injecting into Explorer (PID: 13956)
2026-09-25 11:55:11,394 [INFO] [MainThread] [root/bar_manager.py:102]: Starting WindowsNotificationEventListener...
2026-09-25 11:55:11,395 [INFO] [MainThread] [root/watcher.py:65]: Watching directory: c:\users\lyncon.baez\.config\yasb
2026-09-25 11:55:11,395 [INFO] [MainThread] [root/watcher.py:104]: Created file watcher
2026-09-25 11:57:07,545 [INFO] [MainThread] [root/bar.py:153]: Screen geometry changed. Updating position for bar primary-bar on screen DELL S3422DWG
2026-09-25 12:32:23,108 [INFO] [MainThread] [root/bar.py:153]: Screen geometry changed. Updating position for bar primary-bar on screen DELL S3422DWG
2026-09-25 14:26:28,342 [INFO] [MainThread] [root/bar_manager.py:118]: Stopping WindowsNotificationEventListener...
2026-09-25 14:28:08,167 [INFO] [MainThread] [root/log.py:104]: YASB v2.0.2
2026-09-25 14:28:08,170 [INFO] [CLIPipeServer] [cli_server/cli_server.py:216]: CLI server started v1.1.7
2026-09-25 14:28:08,170 [INFO] [MainThread] [cli_server/cli_server.py:106]: Log pipe server started
2026-09-25 14:28:09,336 [INFO] [SystrayHook] [systray_hook/systray_hook.py:193]: Injecting into Explorer (PID: 13448)
2026-09-25 14:28:09,346 [INFO] [MainThread] [root/service.py:52]: AudioOutputService starting...
2026-09-25 14:28:09,448 [INFO] [MainThread] [root/bar_manager.py:102]: Starting WindowsNotificationEventListener...
2026-09-25 14:28:09,449 [INFO] [MainThread] [root/watcher.py:65]: Watching directory: c:\users\lyncon.baez\.config\yasb
2026-09-25 14:28:09,449 [INFO] [MainThread] [root/watcher.py:104]: Created file watcher
2026-09-25 16:48:19,281 [INFO] [MainThread] [root/bar_manager.py:118]: Stopping WindowsNotificationEventListener...
2026-09-25 16:49:47,423 [INFO] [MainThread] [root/log.py:104]: YASB v2.0.2
2026-09-25 16:49:47,425 [INFO] [CLIPipeServer] [cli_server/cli_server.py:216]: CLI server started v1.1.7
2026-09-25 16:49:47,426 [INFO] [MainThread] [cli_server/cli_server.py:106]: Log pipe server started
2026-09-25 16:49:48,624 [INFO] [SystrayHook] [systray_hook/systray_hook.py:193]: Injecting into Explorer (PID: 13560)
2026-09-25 16:49:48,645 [INFO] [MainThread] [root/service.py:52]: AudioOutputService starting...
2026-09-25 16:49:48,796 [INFO] [MainThread] [root/bar_manager.py:102]: Starting WindowsNotificationEventListener...
2026-09-25 16:49:48,798 [INFO] [MainThread] [root/watcher.py:65]: Watching directory: c:\users\lyncon.baez\.config\yasb
2026-09-25 16:49:48,798 [INFO] [MainThread] [root/watcher.py:104]: Created file watcher
2026-09-25 17:03:48,166 [INFO] [MainThread] [root/bar_manager.py:118]: Stopping WindowsNotificationEventListener...
2026-09-28 07:50:41,599 [INFO] [MainThread] [root/log.py:104]: YASB v2.0.2
2026-09-28 07:50:41,602 [INFO] [CLIPipeServer] [cli_server/cli_server.py:216]: CLI server started v1.1.7
2026-09-28 07:50:41,602 [INFO] [MainThread] [cli_server/cli_server.py:106]: Log pipe server started
2026-09-28 07:50:43,048 [INFO] [MainThread] [root/service.py:52]: AudioOutputService starting...
2026-09-28 07:50:43,048 [INFO] [SystrayHook] [systray_hook/systray_hook.py:193]: Injecting into Explorer (PID: 13608)
2026-09-28 07:50:43,168 [INFO] [MainThread] [root/bar_manager.py:102]: Starting WindowsNotificationEventListener...
2026-09-28 07:50:43,169 [INFO] [MainThread] [root/watcher.py:65]: Watching directory: c:\users\lyncon.baez\.config\yasb
2026-09-28 07:50:43,169 [INFO] [MainThread] [root/watcher.py:104]: Created file watcher
2026-09-28 11:51:21,531 [INFO] [MainThread] [root/bar.py:153]: Screen geometry changed. Updating position for bar primary-bar on screen DELL S3422DWG
2026-09-28 12:36:26,466 [INFO] [MainThread] [root/bar.py:153]: Screen geometry changed. Updating position for bar primary-bar on screen DELL S3422DWG
2026-09-28 17:00:01,508 [INFO] [MainThread] [root/bar_manager.py:118]: Stopping WindowsNotificationEventListener...
2026-09-29 07:57:39,435 [INFO] [MainThread] [root/log.py:104]: YASB v2.0.2
2026-09-29 07:57:39,437 [INFO] [CLIPipeServer] [cli_server/cli_server.py:216]: CLI server started v1.1.7
2026-09-29 07:57:39,437 [INFO] [MainThread] [cli_server/cli_server.py:106]: Log pipe server started
2026-09-29 07:57:40,667 [INFO] [SystrayHook] [systray_hook/systray_hook.py:193]: Injecting into Explorer (PID: 13776)
2026-09-29 07:57:40,676 [INFO] [MainThread] [root/service.py:52]: AudioOutputService starting...
2026-09-29 07:57:40,776 [INFO] [MainThread] [root/bar_manager.py:102]: Starting WindowsNotificationEventListener...
2026-09-29 07:57:40,777 [INFO] [MainThread] [root/watcher.py:65]: Watching directory: c:\users\lyncon.baez\.config\yasb
2026-09-29 07:57:40,778 [INFO] [MainThread] [root/watcher.py:104]: Created file watcher
